Date/Time,MEGS_A1
1/27/2011 8:0:32,0.317341
1/27/2011 8:1:32,0.317747
1/27/2011 8:2:32,0.315624
1/27/2011 8:3:32,0.31591600000000003
1/27/2011 8:4:32,0.316576
1/27/2011 8:5:32,0.315516
1/27/2011 8:6:32,0.318514
1/27/2011 8:7:32,0.31636400000000003
1/27/2011 8:8:32,0.31486699999999995
1/27/2011 8:9:32,0.31517300000000004
1/27/2011 8:10:32,0.315468
1/27/2011 8:11:32,0.31662999999999997
1/27/2011 8:12:32,0.31583700000000003
1/27/2011 8:13:32,0.317436
1/27/2011 8:14:32,0.31748699999999996
1/27/2011 8:15:32,0.315602
1/27/2011 8:16:32,0.31601300000000004
1/27/2011 8:17:32,0.31657
1/27/2011 8:18:32,0.317753
1/27/2011 8:19:32,0.31739
1/27/2011 8:20:32,0.31644300000000003
1/27/2011 8:21:32,0.31750300000000004
1/27/2011 8:22:32,0.31602
1/27/2011 8:23:32,0.316467
1/27/2011 8:24:32,0.31693
1/27/2011 8:25:32,0.317656
1/27/2011 8:26:32,0.316237
1/27/2011 8:27:32,0.314679
1/27/2011 8:28:32,0.31707399999999997
1/27/2011 8:29:32,0.31560099999999996
1/27/2011 8:30:32,0.318038
1/27/2011 8:31:32,0.316719
1/27/2011 8:32:32,0.319026
1/27/2011 8:33:32,0.31917300000000004
1/27/2011 8:34:32,0.31898400000000005
1/27/2011 8:35:32,0.317488
1/27/2011 8:36:32,0.317713
1/27/2011 8:37:32,0.316321
1/27/2011 8:38:32,0.319278
1/27/2011 8:39:32,0.318707
1/27/2011 8:40:32,0.320021
1/27/2011 8:41:32,0.318335
1/27/2011 8:42:32,0.316396
1/27/2011 8:43:32,0.317641
1/27/2011 8:44:32,0.316814
1/27/2011 8:45:32,0.31312
1/27/2011 8:46:32,0.314411
1/27/2011 8:47:32,0.31496999999999997
1/27/2011 8:48:32,0.31355700000000003
1/27/2011 8:49:32,0.317599
1/27/2011 8:50:32,0.31453
1/27/2011 8:51:32,0.316445
1/27/2011 8:52:32,0.317801
1/27/2011 8:53:32,0.316117
1/27/2011 8:54:32,0.31711100000000003
1/27/2011 8:55:32,0.316306
1/27/2011 8:56:32,0.316733
1/27/2011 8:57:32,0.315619
1/27/2011 8:58:32,0.317708
1/27/2011 8:59:32,0.317866
1/27/2011 9:0:32,0.315756
1/27/2011 9:1:32,0.31809600000000005
1/27/2011 9:2:32,0.31867
1/27/2011 9:3:32,0.31726699999999997
1/27/2011 9:4:32,0.31785199999999997
1/27/2011 9:5:32,0.316621
1/27/2011 9:6:32,0.315716
1/27/2011 9:7:32,0.31849299999999997
1/27/2011 9:8:32,0.31483
1/27/2011 9:9:32,0.314718
1/27/2011 9:10:32,0.316091
1/27/2011 9:11:32,0.315123
1/27/2011 9:12:32,0.31538900000000003
1/27/2011 9:13:32,0.317702
1/27/2011 9:14:32,0.31824
1/27/2011 9:15:32,0.314717
1/27/2011 9:16:32,0.316342
1/27/2011 9:17:32,0.31249
1/27/2011 9:18:32,0.31376
1/27/2011 9:19:32,0.313378
1/27/2011 9:20:32,0.31494599999999995
1/27/2011 9:21:32,0.316748
1/27/2011 9:22:32,0.316255
1/27/2011 9:23:32,0.322856
1/27/2011 9:24:32,0.315903
1/27/2011 9:25:32,0.31520099999999995
1/27/2011 9:26:32,0.316591
1/27/2011 9:27:32,0.317887
1/27/2011 9:28:32,0.317375
1/27/2011 9:29:32,0.315261
1/27/2011 9:30:32,0.316067
1/27/2011 9:31:32,0.316884
1/27/2011 9:32:32,0.31668199999999996
1/27/2011 9:33:32,0.316386
1/27/2011 9:34:32,0.316196
1/27/2011 9:35:32,0.316856
1/27/2011 9:36:32,0.317422
1/27/2011 9:37:32,0.315634
1/27/2011 9:38:32,0.317765
1/27/2011 9:39:32,0.31476699999999996
1/27/2011 9:40:32,0.31636099999999995
1/27/2011 9:41:32,0.316988
1/27/2011 9:42:32,0.317019
1/27/2011 9:43:32,0.316252
1/27/2011 9:44:32,0.315506
1/27/2011 9:45:32,0.31720000000000004
1/27/2011 9:46:32,0.31824199999999997
1/27/2011 9:47:32,0.317585
1/27/2011 9:48:32,0.317352
1/27/2011 9:49:32,0.314633
1/27/2011 9:50:32,0.314487
1/27/2011 9:51:32,0.313942
1/27/2011 9:52:32,0.317238
1/27/2011 9:53:32,0.317988
1/27/2011 9:54:32,0.317339
1/27/2011 9:55:32,0.31599
1/27/2011 9:56:32,0.31814099999999995
1/27/2011 9:57:32,0.317766
1/27/2011 9:58:32,0.317981
1/27/2011 9:59:32,0.31932
1/27/2011 10:0:32,0.317886
1/27/2011 10:1:32,0.31868
1/27/2011 10:2:32,0.319235
1/27/2011 10:3:32,0.31834700000000005
1/27/2011 10:4:32,0.315218
1/27/2011 10:5:32,0.318229
1/27/2011 10:6:32,0.31873999999999997
1/27/2011 10:7:32,0.316417
1/27/2011 10:8:32,0.31922500000000004
1/27/2011 10:9:32,0.31691199999999997
1/27/2011 10:10:32,0.318405
1/27/2011 10:11:32,0.32010900000000003
1/27/2011 10:12:32,0.319766
1/27/2011 10:13:32,0.31887499999999996
1/27/2011 10:14:32,0.32045
1/27/2011 10:15:32,0.318001
1/27/2011 10:16:32,0.33265999999999996
1/27/2011 10:17:32,0.315932
1/27/2011 10:18:32,0.319922
1/27/2011 10:19:32,0.317475
1/27/2011 10:20:32,0.319235
1/27/2011 10:21:32,0.317652
1/27/2011 10:22:32,0.31778
1/27/2011 10:23:32,0.319582
1/27/2011 10:24:32,0.317013
1/27/2011 10:25:32,0.317158
1/27/2011 10:26:32,0.315838
1/27/2011 10:27:32,0.31466900000000003
1/27/2011 10:28:32,0.317207
1/27/2011 10:29:32,0.317034
1/27/2011 10:30:32,0.320537
1/27/2011 10:31:32,0.31858000000000003
1/27/2011 10:32:32,0.317421
1/27/2011 10:33:32,0.317471
1/27/2011 10:34:32,0.31798200000000004
1/27/2011 10:35:32,0.317811
1/27/2011 10:36:32,0.315888
1/27/2011 10:37:32,0.318564
1/27/2011 10:38:32,0.3173
1/27/2011 10:39:32,0.318873
1/27/2011 10:40:32,0.316654
1/27/2011 10:41:32,0.317321
1/27/2011 10:42:32,0.315257
1/27/2011 10:43:32,0.315643
1/27/2011 10:44:32,0.317361
1/27/2011 10:45:32,0.317772
1/27/2011 10:46:32,0.319666
1/27/2011 10:47:32,0.319914
1/27/2011 10:48:32,0.32006500000000004
1/27/2011 10:49:32,0.316373
1/27/2011 10:50:32,0.315112
1/27/2011 10:51:32,0.317303
1/27/2011 10:52:32,0.319245
1/27/2011 10:53:32,0.318222
1/27/2011 10:54:32,0.317619
1/27/2011 10:55:32,0.318053
1/27/2011 10:56:32,0.32021000000000005
1/27/2011 10:57:32,0.319504
1/27/2011 10:58:32,0.318047
1/27/2011 10:59:32,0.32121500000000003
1/27/2011 11:0:32,0.318472
1/27/2011 11:1:32,0.3201
1/27/2011 11:2:32,0.32016100000000003
1/27/2011 11:3:32,0.318622
1/27/2011 11:4:32,0.32216500000000003
1/27/2011 11:5:32,0.320913
1/27/2011 11:6:32,0.321411
1/27/2011 11:7:32,0.32076899999999997
1/27/2011 11:8:32,0.321916
1/27/2011 11:9:32,0.321295
1/27/2011 11:10:32,0.321593
1/27/2011 11:11:32,0.32008299999999995
1/27/2011 11:12:32,0.318027
1/27/2011 11:13:32,0.318546
1/27/2011 11:14:32,0.322026
1/27/2011 11:15:32,0.322423
1/27/2011 11:16:32,0.31953
1/27/2011 11:17:32,0.319054
1/27/2011 11:18:32,0.319764
1/27/2011 11:19:32,0.320011
1/27/2011 11:20:32,0.31938099999999997
1/27/2011 11:21:32,0.318253
1/27/2011 11:22:32,0.318528
1/27/2011 11:23:32,0.32087
1/27/2011 11:24:32,0.31994
1/27/2011 11:25:32,0.316451
1/27/2011 11:26:32,0.318181
1/27/2011 11:27:32,0.316894
1/27/2011 11:28:32,0.31863600000000003
1/27/2011 11:29:32,0.320705
1/27/2011 11:30:32,0.31712100000000004
1/27/2011 11:31:32,0.321434
1/27/2011 11:32:32,0.32106
1/27/2011 11:33:32,0.322812
1/27/2011 11:34:32,0.321796
1/27/2011 11:35:32,0.317026
1/27/2011 11:36:32,0.32031699999999996
1/27/2011 11:37:32,0.31916
1/27/2011 11:38:32,0.319943
1/27/2011 11:39:32,0.31857199999999997
1/27/2011 11:40:32,0.318892
1/27/2011 11:41:32,0.319713
1/27/2011 11:42:32,0.31876000000000004
1/27/2011 11:43:32,0.320071
1/27/2011 11:44:32,0.31857199999999997
1/27/2011 11:45:32,0.317957
1/27/2011 11:46:32,0.31959099999999996
1/27/2011 11:47:32,0.318501
1/27/2011 11:48:32,0.31618199999999996
1/27/2011 11:49:32,0.319372
1/27/2011 11:50:32,0.318249
1/27/2011 11:51:32,0.316754
1/27/2011 11:52:32,0.319374
1/27/2011 11:53:32,0.317521
1/27/2011 11:54:32,0.31882299999999997
1/27/2011 11:55:32,0.31879500000000005
1/27/2011 11:56:32,0.31863600000000003
1/27/2011 11:57:32,0.31877799999999995
1/27/2011 11:58:32,0.319759
1/27/2011 11:59:32,0.318762
1/27/2011 12:0:32,0.319281
1/27/2011 12:1:32,0.31813600000000003
1/27/2011 12:2:32,0.31795100000000004
1/27/2011 12:3:32,0.319501
1/27/2011 12:4:32,0.319392
1/27/2011 12:5:32,0.31864699999999996
1/27/2011 12:6:32,0.32048
1/27/2011 12:7:32,0.32062399999999996
1/27/2011 12:8:32,0.318313
1/27/2011 12:9:32,0.31820299999999996
1/27/2011 12:10:32,0.318482
1/27/2011 12:11:32,0.31844399999999995
1/27/2011 12:12:32,0.32065400000000005
1/27/2011 12:13:32,0.318288
1/27/2011 12:14:32,0.321979
1/27/2011 12:15:32,0.320993
1/27/2011 12:16:32,0.318516
1/27/2011 12:17:32,0.320392
1/27/2011 12:18:32,0.322825
1/27/2011 12:19:32,0.321747
1/27/2011 12:20:32,0.321584
1/27/2011 12:21:32,0.320907
1/27/2011 12:22:32,0.316042
1/27/2011 12:23:32,0.315739
1/27/2011 12:24:32,0.315271
1/27/2011 12:25:32,0.31440599999999996
1/27/2011 12:26:32,0.32145399999999996
1/27/2011 12:27:32,0.320473
1/27/2011 12:28:32,0.32271099999999997
1/27/2011 12:29:32,0.319242
1/27/2011 12:30:32,0.321671
1/27/2011 12:31:32,0.317738
1/27/2011 12:32:32,0.321472
1/27/2011 12:33:32,0.321295
1/27/2011 12:34:32,0.319884
1/27/2011 12:35:32,0.321645
1/27/2011 12:36:32,0.318806
1/27/2011 12:37:32,0.317254
1/27/2011 12:38:32,0.316856
1/27/2011 12:39:32,0.321024
1/27/2011 12:40:32,0.320277
1/27/2011 12:41:32,0.32212799999999997
1/27/2011 12:42:32,0.321555
1/27/2011 12:43:32,0.32235199999999997
1/27/2011 12:44:32,0.322062
1/27/2011 12:45:32,0.321087
1/27/2011 12:46:32,0.32030200000000003
1/27/2011 12:47:32,0.321153
1/27/2011 12:48:32,0.32099500000000003
1/27/2011 12:49:32,0.32124600000000003
1/27/2011 12:50:32,0.31819
1/27/2011 12:51:32,0.323569
1/27/2011 12:52:32,0.320806
1/27/2011 12:53:32,0.320222
1/27/2011 12:54:32,0.320074
1/27/2011 12:55:32,0.31965200000000005
1/27/2011 12:56:32,0.318259
1/27/2011 12:57:32,0.320384
1/27/2011 12:58:32,0.318886
1/27/2011 12:59:32,0.315824
1/27/2011 13:0:32,0.319231
1/27/2011 13:1:32,0.317367
1/27/2011 13:2:32,0.319917
1/27/2011 13:3:32,0.320714
1/27/2011 13:4:32,0.320871
1/27/2011 13:5:32,0.320991
1/27/2011 13:6:32,0.323937
1/27/2011 13:7:32,0.324471
1/27/2011 13:8:32,0.321185
1/27/2011 13:9:32,0.320537
1/27/2011 13:10:32,0.31965299999999996
1/27/2011 13:11:32,0.321652
1/27/2011 13:12:32,0.320859
1/27/2011 13:13:32,0.319865
1/27/2011 13:14:32,0.31988900000000003
1/27/2011 13:15:32,0.318334
1/27/2011 13:16:32,0.322516
1/27/2011 13:17:32,0.32268800000000003
1/27/2011 13:18:32,0.31901599999999997
1/27/2011 13:19:32,0.32092
1/27/2011 13:20:32,0.31988500000000003
1/27/2011 13:21:32,0.319475
1/27/2011 13:22:32,0.31971
1/27/2011 13:23:32,0.321603
1/27/2011 13:24:32,0.318836
1/27/2011 13:25:32,0.322504
1/27/2011 13:26:32,0.31974
1/27/2011 13:27:32,0.32074600000000003
1/27/2011 13:28:32,0.32071
1/27/2011 13:29:32,0.322388
1/27/2011 13:30:32,0.315123
1/27/2011 13:31:32,0.31615899999999997
1/27/2011 13:32:32,0.317668
1/27/2011 13:33:32,0.318467
1/27/2011 13:34:32,0.319439
1/27/2011 13:35:32,0.318738
1/27/2011 13:36:32,0.32003899999999996
1/27/2011 13:37:32,0.314907
1/27/2011 13:38:32,0.317361
1/27/2011 13:39:32,0.321513
1/27/2011 13:40:32,0.31790399999999996
1/27/2011 13:41:32,0.31623399999999996
1/27/2011 13:42:32,0.31661900000000004
1/27/2011 13:43:32,0.320102
1/27/2011 13:44:32,0.321947
1/27/2011 13:45:32,0.319931
1/27/2011 13:46:32,0.31681
1/27/2011 13:47:32,0.316325
1/27/2011 13:48:32,0.316549
1/27/2011 13:49:32,0.318404
1/27/2011 13:50:32,0.31963800000000003
1/27/2011 13:51:32,0.31889100000000004
1/27/2011 13:52:32,0.32118199999999997
1/27/2011 13:53:32,0.31880899999999995
1/27/2011 13:54:32,0.321223
1/27/2011 13:55:32,0.31919000000000003
1/27/2011 13:56:32,0.319265
1/27/2011 13:57:32,0.320826
1/27/2011 13:58:32,0.322297
1/27/2011 13:59:32,0.32228999999999997
1/27/2011 14:0:32,0.321519
1/27/2011 14:1:32,0.318436
1/27/2011 14:2:32,0.322277
1/27/2011 14:3:32,0.327309
1/27/2011 14:4:32,0.321216
1/27/2011 14:5:32,0.322301
1/27/2011 14:6:32,0.32096199999999997
1/27/2011 14:7:32,0.320304
1/27/2011 14:8:32,0.319693
1/27/2011 14:9:32,0.317768
1/27/2011 14:10:32,0.31903
1/27/2011 14:11:32,0.31732
1/27/2011 14:12:32,0.31826
1/27/2011 14:13:32,0.31944
1/27/2011 14:14:32,0.32008600000000004
1/27/2011 14:15:32,0.320498
1/27/2011 14:16:32,0.319048
1/27/2011 14:17:32,0.320463
1/27/2011 14:18:32,0.320928
1/27/2011 14:19:32,0.319737
1/27/2011 14:20:32,0.317137
1/27/2011 14:21:32,0.320819
1/27/2011 14:22:32,0.32127700000000003
1/27/2011 14:23:32,0.316701
1/27/2011 14:24:32,0.320248
1/27/2011 14:25:32,0.32121500000000003
1/27/2011 14:26:32,0.320625
1/27/2011 14:27:32,0.324701
1/27/2011 14:28:32,0.32761999999999997
1/27/2011 14:29:32,0.318298
1/27/2011 14:30:32,0.315364
1/27/2011 14:31:32,0.32001
1/27/2011 14:32:32,0.320525
1/27/2011 14:33:32,0.319293
1/27/2011 14:34:32,0.32208600000000004
1/27/2011 14:35:32,0.320984
1/27/2011 14:36:32,0.32181899999999997
1/27/2011 14:37:32,0.321295
1/27/2011 14:38:32,0.323091
1/27/2011 14:39:32,0.32362
1/27/2011 14:40:32,0.320171
1/27/2011 14:41:32,0.31895300000000004
1/27/2011 14:42:32,0.32145399999999996
1/27/2011 14:43:32,0.322202
1/27/2011 14:44:32,0.319913
1/27/2011 14:45:32,0.318535
1/27/2011 14:46:32,0.321918
1/27/2011 14:47:32,0.32052200000000003
1/27/2011 14:48:32,0.322114
1/27/2011 14:49:32,0.323361
1/27/2011 14:50:32,0.32096600000000003
1/27/2011 14:51:32,0.322783
1/27/2011 14:52:32,0.323655
1/27/2011 14:53:32,0.319071
1/27/2011 14:54:32,0.323092
1/27/2011 14:55:32,0.322673
1/27/2011 14:56:32,0.32116399999999995
1/27/2011 14:57:32,0.32052200000000003
1/27/2011 14:58:32,0.321671
1/27/2011 14:59:32,0.32248299999999996
1/27/2011 15:0:32,0.318791
1/27/2011 15:1:32,0.32198
1/27/2011 15:2:32,0.322025
1/27/2011 15:3:32,0.32108499999999995
1/27/2011 15:4:32,0.321665
1/27/2011 15:5:32,0.321069
1/27/2011 15:6:32,0.320566
1/27/2011 15:7:32,0.320042
1/27/2011 15:8:32,0.319755
1/27/2011 15:9:32,0.32321900000000003
1/27/2011 15:10:32,0.325067
1/27/2011 15:11:32,0.32307
1/27/2011 15:20:32,0.32493099999999997
1/27/2011 15:21:32,0.316635
1/27/2011 15:22:32,0.317682
1/27/2011 15:23:32,0.31846100000000005
1/27/2011 15:24:32,0.321208
1/27/2011 15:25:32,0.31886000000000003
1/27/2011 15:26:32,0.318433
1/27/2011 15:27:32,0.320366
1/27/2011 15:28:32,0.317392
1/27/2011 15:29:32,0.318872
1/27/2011 15:30:32,0.318836
1/27/2011 15:31:32,0.31911500000000004
1/27/2011 15:32:32,0.31992499999999996
1/27/2011 15:33:32,0.321521
1/27/2011 15:34:32,0.319537
1/27/2011 15:35:32,0.32163899999999995
1/27/2011 15:36:32,0.319275
1/27/2011 15:37:32,0.321826
1/27/2011 15:38:32,0.319119
1/27/2011 15:39:32,0.31812799999999997
1/27/2011 15:40:32,0.31942899999999996
1/27/2011 15:41:32,0.319702
1/27/2011 15:42:32,0.319113
1/27/2011 15:43:32,0.319778
1/27/2011 15:44:32,0.31976699999999997
1/27/2011 15:45:32,0.319034
1/27/2011 15:46:32,0.319906
1/27/2011 15:47:32,0.322214
1/27/2011 15:48:32,0.32040399999999997
1/27/2011 15:49:32,0.317767
1/27/2011 15:50:32,0.319458
1/27/2011 15:51:32,0.3196
1/27/2011 15:52:32,0.320433
1/27/2011 15:53:32,0.32256500000000005
1/27/2011 15:54:32,0.321444
1/27/2011 15:55:32,0.319868
1/27/2011 15:56:32,0.324317
1/27/2011 15:57:32,0.323113
1/27/2011 15:58:32,0.322527
1/27/2011 15:59:32,0.324162
1/27/2011 16:0:32,0.32205
1/27/2011 16:1:32,0.323812
1/27/2011 16:2:32,0.322732
1/27/2011 16:3:32,0.323373
1/27/2011 16:4:32,0.323204
1/27/2011 16:5:32,0.323578
1/27/2011 16:6:32,0.320507
1/27/2011 16:7:32,0.31856799999999996
1/27/2011 16:8:32,0.325094
1/27/2011 16:9:32,0.31710799999999995
1/27/2011 16:10:32,0.319426
1/27/2011 16:11:32,0.315965
1/27/2011 16:12:32,0.317667
1/27/2011 16:13:32,0.319538
1/27/2011 16:14:32,0.318855
1/27/2011 16:15:32,0.32661799999999996
1/27/2011 16:16:32,0.31866
1/27/2011 16:17:32,0.31924399999999997
1/27/2011 16:18:32,0.32104699999999997
1/27/2011 16:19:32,0.320084
1/27/2011 16:20:32,0.31941
1/27/2011 16:21:32,0.316591
1/27/2011 16:22:32,0.318009
1/27/2011 16:23:32,0.31716099999999997
1/27/2011 16:24:32,0.319504
1/27/2011 16:25:32,0.31755
1/27/2011 16:26:32,0.32055799999999995
1/27/2011 16:27:32,0.31893900000000003
1/27/2011 16:28:32,0.31901199999999996
1/27/2011 16:29:32,0.31914699999999996
1/27/2011 16:30:32,0.319596
1/27/2011 16:31:32,0.316495
1/27/2011 16:32:32,0.322005
1/27/2011 16:33:32,0.318032
1/27/2011 16:34:32,0.318236
1/27/2011 16:35:32,0.320894
1/27/2011 16:36:32,0.32093
1/27/2011 16:37:32,0.317144
1/27/2011 16:38:32,0.314878
1/27/2011 16:39:32,0.319844
1/27/2011 16:40:32,0.32001399999999997
1/27/2011 16:41:32,0.321372
1/27/2011 16:42:32,0.319349
1/27/2011 16:43:32,0.32062300000000005
1/27/2011 16:44:32,0.32267
1/27/2011 16:45:32,0.32048899999999997
1/27/2011 16:46:32,0.322129
1/27/2011 16:47:32,0.32162199999999996
1/27/2011 16:48:32,0.322698
1/27/2011 16:49:32,0.325689
1/27/2011 16:50:32,0.322847
1/27/2011 16:51:32,0.324164
1/27/2011 16:52:32,0.32412100000000005
1/27/2011 16:53:32,0.319614
1/27/2011 16:54:32,0.31740799999999997
1/27/2011 16:55:32,0.317896
1/27/2011 16:56:32,0.318673
1/27/2011 16:57:32,0.317886
1/27/2011 16:58:32,0.32034
1/27/2011 16:59:32,0.318978
1/27/2011 17:0:32,0.31652600000000003
1/27/2011 17:1:32,0.317656
1/27/2011 17:2:32,0.317712
1/27/2011 17:3:32,0.31689100000000003
1/27/2011 17:4:32,0.32017500000000004
1/27/2011 17:5:32,0.318221
1/27/2011 17:6:32,0.316799
1/27/2011 17:7:32,0.322849
1/27/2011 17:8:32,0.319932
1/27/2011 17:9:32,0.319792
1/27/2011 17:10:32,0.318925
1/27/2011 17:11:32,0.318278
1/27/2011 17:12:32,0.317084
1/27/2011 17:13:32,0.319302
1/27/2011 17:14:32,0.319078
1/27/2011 17:15:32,0.31618199999999996
1/27/2011 17:16:32,0.319817
1/27/2011 17:17:32,0.316357
1/27/2011 17:18:32,0.317083
1/27/2011 17:19:32,0.318674
1/27/2011 17:20:32,0.32089599999999996
1/27/2011 17:21:32,0.317695
1/27/2011 17:22:32,0.31822300000000003
1/27/2011 17:23:32,0.316772
1/27/2011 17:24:32,0.318001
1/27/2011 17:25:32,0.317627
1/27/2011 17:26:32,0.316424
1/27/2011 17:27:32,0.317052
1/27/2011 17:28:32,0.318714
1/27/2011 17:29:32,0.318956
1/27/2011 17:30:32,0.31659
1/27/2011 17:31:32,0.316861
1/27/2011 17:32:32,0.317322
1/27/2011 17:33:32,0.31836000000000003
1/27/2011 17:34:32,0.319538
1/27/2011 17:35:32,0.318004
1/27/2011 17:36:32,0.317975
1/27/2011 17:37:32,0.31789
1/27/2011 17:38:32,0.317246
1/27/2011 17:39:32,0.319127
1/27/2011 17:40:32,0.31675
1/27/2011 17:41:32,0.319816
1/27/2011 17:42:32,0.318972
1/27/2011 17:43:32,0.320292
1/27/2011 17:44:32,0.321077
1/27/2011 17:45:32,0.321963
1/27/2011 17:46:32,0.320772
1/27/2011 17:47:32,0.319483
1/27/2011 17:48:32,0.319151
1/27/2011 17:49:32,0.318766
1/27/2011 17:50:32,0.317529
1/27/2011 17:51:32,0.316722
1/27/2011 17:52:32,0.318027
1/27/2011 17:53:32,0.317866
1/27/2011 17:54:32,0.31930400000000003
1/27/2011 17:55:32,0.317704
1/27/2011 17:56:32,0.317973
1/27/2011 17:57:32,0.31984599999999996
1/27/2011 17:58:32,0.319247
1/27/2011 17:59:32,0.318579
1/27/2011 18:0:32,0.319085
1/27/2011 18:1:32,0.32050999999999996
1/27/2011 18:2:32,0.318077
1/27/2011 18:3:32,0.319385
1/27/2011 18:4:32,0.320123
1/27/2011 18:5:32,0.319338
1/27/2011 18:6:32,0.31734999999999997
1/27/2011 18:7:32,0.31820299999999996
1/27/2011 18:8:32,0.319807
1/27/2011 18:9:32,0.320529
1/27/2011 18:10:32,0.319766
1/27/2011 18:11:32,0.3185
1/27/2011 18:12:32,0.318503
1/27/2011 18:13:32,0.318774
1/27/2011 18:14:32,0.320457
1/27/2011 18:15:32,0.315923
1/27/2011 18:16:32,0.315734
1/27/2011 18:17:32,0.31785
1/27/2011 18:18:32,0.32278500000000004
1/27/2011 18:19:32,0.319155
1/27/2011 18:20:32,0.319412
1/27/2011 18:21:32,0.318311
1/27/2011 18:22:32,0.317611
1/27/2011 18:23:32,0.318208
1/27/2011 18:24:32,0.318816
1/27/2011 18:25:32,0.318849
1/27/2011 18:26:32,0.320956
1/27/2011 18:27:32,0.319984
1/27/2011 18:28:32,0.31926699999999997
1/27/2011 18:29:32,0.318463
1/27/2011 18:30:32,0.31869
1/27/2011 18:31:32,0.318471
1/27/2011 18:32:32,0.316381
1/27/2011 18:33:32,0.32039
1/27/2011 18:34:32,0.31999500000000003
1/27/2011 18:35:32,0.32105
1/27/2011 18:36:32,0.321872
1/27/2011 18:37:32,0.32122999999999996
1/27/2011 18:38:32,0.322819
1/27/2011 18:39:32,0.320865
1/27/2011 18:40:32,0.31952800000000003
1/27/2011 18:41:32,0.320914
1/27/2011 18:42:32,0.318162
1/27/2011 18:43:32,0.31849200000000005
1/27/2011 18:44:32,0.319301
1/27/2011 18:45:32,0.31716900000000003
1/27/2011 18:46:32,0.32015499999999997
1/27/2011 18:47:32,0.317447
1/27/2011 18:48:32,0.31739799999999996
1/27/2011 18:49:32,0.319436
1/27/2011 18:50:32,0.317316
1/27/2011 18:51:32,0.315991
1/27/2011 18:52:32,0.32003000000000004
1/27/2011 18:53:32,0.315434
1/27/2011 18:54:32,0.31805700000000003
1/27/2011 18:55:32,0.319489
1/27/2011 18:56:32,0.31966100000000003
1/27/2011 18:57:32,0.32059
1/27/2011 18:58:32,0.31990799999999997
1/27/2011 18:59:32,0.31859
1/27/2011 19:0:32,0.32081
1/27/2011 19:1:32,0.31810900000000003
1/27/2011 19:2:32,0.31917300000000004
1/27/2011 19:3:32,0.319727
1/27/2011 19:4:32,0.319974
1/27/2011 19:5:32,0.318798
1/27/2011 19:6:32,0.317917
1/27/2011 19:7:32,0.31931800000000005
1/27/2011 19:8:32,0.318904
1/27/2011 19:9:32,0.32031
1/27/2011 19:10:32,0.317599
1/27/2011 19:11:32,0.317278
1/27/2011 19:12:32,0.318801
1/27/2011 19:13:32,0.31960099999999997
1/27/2011 19:14:32,0.321521
1/27/2011 19:15:32,0.31853600000000004
1/27/2011 19:16:32,0.319011
1/27/2011 19:17:32,0.318148
1/27/2011 19:18:32,0.32370800000000005
1/27/2011 19:19:32,0.318828
1/27/2011 19:20:32,0.320868
1/27/2011 19:21:32,0.31779399999999997
1/27/2011 19:22:32,0.320292
1/27/2011 19:23:32,0.31842600000000004
1/27/2011 19:24:32,0.319374
1/27/2011 19:25:32,0.318073
1/27/2011 19:26:32,0.31711100000000003
1/27/2011 19:27:32,0.31963199999999997
1/27/2011 19:28:32,0.318611
1/27/2011 19:29:32,0.317705
1/27/2011 19:30:32,0.316961
1/27/2011 19:31:32,0.319724
1/27/2011 19:32:32,0.320784
1/27/2011 19:33:32,0.318496
1/27/2011 19:34:32,0.322402
1/27/2011 19:35:32,0.317884
1/27/2011 19:36:32,0.319351
1/27/2011 19:37:32,0.31997200000000003
1/27/2011 19:38:32,0.32143299999999997
1/27/2011 19:39:32,0.319739
1/27/2011 19:40:32,0.317588
1/27/2011 19:41:32,0.318068
1/27/2011 19:42:32,0.31703
1/27/2011 19:43:32,0.319104
1/27/2011 19:44:32,0.319666
1/27/2011 19:45:32,0.320374
1/27/2011 19:46:32,0.319302
1/27/2011 19:47:32,0.318766
1/27/2011 19:48:32,0.319959
1/27/2011 19:49:32,0.317071
1/27/2011 19:50:32,0.316874
1/27/2011 19:51:32,0.31922199999999995
1/27/2011 19:52:32,0.319518
1/27/2011 19:53:32,0.318931
1/27/2011 19:54:32,0.319249
1/27/2011 19:55:32,0.31877099999999997
1/27/2011 19:56:32,0.32145399999999996
1/27/2011 19:57:32,0.322226
1/27/2011 19:58:32,0.321311
1/27/2011 19:59:32,0.323848
1/27/2011 20:0:32,0.323191
1/27/2011 20:1:32,0.329023
1/27/2011 20:2:32,0.323893
1/27/2011 20:3:32,0.323143
1/27/2011 20:4:32,0.32048299999999996
1/27/2011 20:5:32,0.321687
1/27/2011 20:6:32,0.32299500000000003
1/27/2011 20:7:32,0.32294399999999995
1/27/2011 20:8:32,0.320766
1/27/2011 20:9:32,0.320305
1/27/2011 20:10:32,0.31909
1/27/2011 20:11:32,0.31936200000000003
1/27/2011 20:12:32,0.319489
1/27/2011 20:13:32,0.319434
1/27/2011 20:14:32,0.32027500000000003
1/27/2011 20:15:32,0.320069
1/27/2011 20:16:32,0.31983
1/27/2011 20:17:32,0.320119
1/27/2011 20:18:32,0.316939
1/27/2011 20:19:32,0.317895
1/27/2011 20:20:32,0.319672
1/27/2011 20:21:32,0.32011700000000004
1/27/2011 20:22:32,0.323236
1/27/2011 20:23:32,0.317523
1/27/2011 20:24:32,0.31862999999999997
1/27/2011 20:25:32,0.316259
1/27/2011 20:26:32,0.320415
1/27/2011 20:27:32,0.316954
1/27/2011 20:28:32,0.318064
1/27/2011 20:29:32,0.316738
1/27/2011 20:30:32,0.319243
1/27/2011 20:31:32,0.317799
1/27/2011 20:32:32,0.319805
1/27/2011 20:33:32,0.320044
1/27/2011 20:34:32,0.321873
1/27/2011 20:35:32,0.322525
1/27/2011 20:36:32,0.319158
1/27/2011 20:37:32,0.321231
1/27/2011 20:38:32,0.31820200000000004
1/27/2011 20:39:32,0.322658
1/27/2011 20:40:32,0.322145
1/27/2011 20:41:32,0.32057599999999997
1/27/2011 20:42:32,0.31943699999999997
1/27/2011 20:43:32,0.318676
1/27/2011 20:44:32,0.31993499999999997
1/27/2011 20:45:32,0.319514
1/27/2011 20:46:32,0.32172100000000003
1/27/2011 20:47:32,0.321499
1/27/2011 20:48:32,0.321484
1/27/2011 20:49:32,0.317371
1/27/2011 20:50:32,0.320473
1/27/2011 20:51:32,0.319337
1/27/2011 20:52:32,0.32231000000000004
1/27/2011 20:53:32,0.31749700000000003
1/27/2011 20:54:32,0.316365
1/27/2011 20:55:32,0.315603
1/27/2011 20:56:32,0.31768799999999997
1/27/2011 20:57:32,0.317959
1/27/2011 20:58:32,0.320567
1/27/2011 20:59:32,0.322112
1/27/2011 21:0:32,0.322717
1/27/2011 21:1:32,0.33329
1/27/2011 21:2:32,0.32196800000000003
1/27/2011 21:3:32,0.31959099999999996
1/27/2011 21:4:32,0.319981
1/27/2011 21:5:32,0.32197299999999995
1/27/2011 21:6:32,0.32034799999999997
1/27/2011 21:7:32,0.321974
1/27/2011 21:8:32,0.320548
1/27/2011 21:9:32,0.320747
1/27/2011 21:10:32,0.316439
1/27/2011 21:11:32,0.31710799999999995
1/27/2011 21:12:32,0.31683599999999995
1/27/2011 21:13:32,0.317092
1/27/2011 21:14:32,0.31805100000000003
1/27/2011 21:15:32,0.31848899999999997
1/27/2011 21:16:32,0.318772
1/27/2011 21:17:32,0.316978
1/27/2011 21:18:32,0.318
1/27/2011 21:19:32,0.32014400000000004
1/27/2011 21:20:32,0.322309
1/27/2011 21:21:32,0.320773
1/27/2011 21:22:32,0.317115
1/27/2011 21:23:32,0.317673
1/27/2011 21:24:32,0.31943
1/27/2011 21:25:32,0.317592
1/27/2011 21:26:32,0.32072999999999996
1/27/2011 21:27:32,0.31738900000000003
1/27/2011 21:28:32,0.32144
1/27/2011 21:29:32,0.32073399999999996
1/27/2011 21:30:32,0.318828
1/27/2011 21:31:32,0.32007599999999997
1/27/2011 21:32:32,0.319582
1/27/2011 21:33:32,0.321075
1/27/2011 21:34:32,0.320268
1/27/2011 21:35:32,0.318597
1/27/2011 21:36:32,0.318973
1/27/2011 21:37:32,0.319663
1/27/2011 21:38:32,0.319463
1/27/2011 21:39:32,0.31931499999999996
1/27/2011 21:40:32,0.32043099999999997
1/27/2011 21:41:32,0.318439
1/27/2011 21:42:32,0.318583
1/27/2011 21:43:32,0.31912999999999997
1/27/2011 21:44:32,0.319438
1/27/2011 21:45:32,0.319943
1/27/2011 21:46:32,0.318343
1/27/2011 21:47:32,0.32165900000000003
1/27/2011 21:48:32,0.31976699999999997
1/27/2011 21:49:32,0.318201
1/27/2011 21:50:32,0.319254
1/27/2011 21:51:32,0.318463
1/27/2011 21:52:32,0.318724
1/27/2011 21:53:32,0.319025
1/27/2011 21:54:32,0.318558
1/27/2011 21:55:32,0.318882
1/27/2011 21:56:32,0.319352
1/27/2011 21:57:32,0.318436
1/27/2011 21:58:32,0.31751799999999997
1/27/2011 21:59:32,0.319082
1/27/2011 22:0:32,0.317093
1/27/2011 22:1:32,0.31772700000000004
1/27/2011 22:2:32,0.31895799999999996
1/27/2011 22:3:32,0.315831
1/27/2011 22:4:32,0.320602
1/27/2011 22:5:32,0.318867
1/27/2011 22:6:32,0.318818
1/27/2011 22:7:32,0.31681899999999996
1/27/2011 22:8:32,0.319627
1/27/2011 22:9:32,0.32003400000000004
1/27/2011 22:10:32,0.32008
1/27/2011 22:11:32,0.319291
1/27/2011 22:12:32,0.320115
1/27/2011 22:13:32,0.32015499999999997
1/27/2011 22:14:32,0.31775
1/28/2011 0:25:32,0.320903
1/28/2011 0:26:32,0.318414
1/28/2011 0:27:32,0.32143
1/28/2011 2:33:32,0.325653
1/28/2011 2:34:32,0.322017
1/28/2011 2:35:32,0.32001399999999997
1/28/2011 2:36:32,0.319833
1/28/2011 2:37:32,0.31987600000000005
1/28/2011 2:38:32,0.321768
1/28/2011 2:39:32,0.32054499999999997
1/28/2011 4:50:32,0.325235
1/28/2011 4:51:32,0.32324600000000003
1/28/2011 4:52:32,0.32299
1/28/2011 6:58:32,0.329539
1/28/2011 6:59:32,0.32653800000000005
1/28/2011 7:0:32,0.326427
1/28/2011 7:1:32,0.323911
1/28/2011 7:2:32,0.325209
1/28/2011 7:3:32,0.325957
1/28/2011 7:4:32,0.324911
1/28/2011 7:5:32,0.325702
1/28/2011 7:6:32,0.324057
1/28/2011 7:7:32,0.321297
1/28/2011 7:8:32,0.324625
1/28/2011 7:9:32,0.324612
1/28/2011 7:10:32,0.325552
1/28/2011 7:11:32,0.326124
1/28/2011 7:12:32,0.324041
1/28/2011 7:13:32,0.324749
1/28/2011 7:14:32,0.326604
1/28/2011 7:15:32,0.324324
1/28/2011 7:16:32,0.3246
1/28/2011 7:17:32,0.324364
1/28/2011 7:18:32,0.323781
1/28/2011 7:19:32,0.325121
1/28/2011 7:20:32,0.323296
1/28/2011 7:21:32,0.321347
1/28/2011 7:22:32,0.323802
1/28/2011 7:23:32,0.321904
1/28/2011 7:24:32,0.324057
1/28/2011 7:25:32,0.323901
1/28/2011 7:26:32,0.328007
1/28/2011 7:27:32,0.325714
1/28/2011 7:28:32,0.349838
1/28/2011 7:29:32,0.324281
1/28/2011 7:30:32,0.324144
1/28/2011 7:31:32,0.322392
1/28/2011 7:32:32,0.325034
1/28/2011 7:33:32,0.32580499999999996
1/28/2011 7:34:32,0.324733
1/28/2011 7:35:32,0.325818
1/28/2011 7:36:32,0.32456999999999997
1/28/2011 7:37:32,0.325016
1/28/2011 7:38:32,0.32507199999999997
1/28/2011 7:39:32,0.31909
1/28/2011 7:40:32,0.322501
1/28/2011 7:41:32,0.324581
1/28/2011 7:42:32,0.323091
1/28/2011 7:43:32,0.323637
1/28/2011 7:44:32,0.323361
1/28/2011 7:45:32,0.32206
1/28/2011 7:46:32,0.325051
1/28/2011 7:47:32,0.32447299999999996
1/28/2011 7:48:32,0.325113
1/28/2011 7:49:32,0.32485800000000004
1/28/2011 7:50:32,0.32246
1/28/2011 7:51:32,0.32388300000000003
1/28/2011 7:52:32,0.325372
1/28/2011 7:53:32,0.32133500000000004
1/28/2011 7:54:32,0.324955
1/28/2011 7:55:32,0.325071
1/28/2011 7:56:32,0.322436
1/28/2011 7:57:32,0.323251
1/28/2011 7:58:32,0.322772
1/28/2011 7:59:32,0.316133
1/28/2011 8:0:32,0.318706
1/28/2011 8:1:32,0.320798
1/28/2011 8:2:32,0.32364200000000004
1/28/2011 8:3:32,0.323837
1/28/2011 8:4:32,0.325759
1/28/2011 8:5:32,0.32402499999999995
1/28/2011 8:6:32,0.325147
1/28/2011 8:7:32,0.32413000000000003
1/28/2011 8:8:32,0.32313699999999995
1/28/2011 8:9:32,0.318569
1/28/2011 8:10:32,0.316807
1/28/2011 8:11:32,0.321264
1/28/2011 8:12:32,0.322397
1/28/2011 8:13:32,0.323211
1/28/2011 8:14:32,0.318131
1/28/2011 8:15:32,0.322568
1/28/2011 8:16:32,0.32512399999999997
1/28/2011 8:17:32,0.32197600000000004
1/28/2011 8:18:32,0.32161
1/28/2011 8:19:32,0.321519
1/28/2011 8:20:32,0.32097400000000004
1/28/2011 8:21:32,0.322799
1/28/2011 8:22:32,0.323911
1/28/2011 8:23:32,0.32510100000000003
1/28/2011 8:24:32,0.32461799999999996
1/28/2011 8:25:32,0.324507
1/28/2011 8:26:32,0.321605
1/28/2011 8:27:32,0.318598
1/28/2011 8:28:32,0.318926
1/28/2011 8:29:32,0.321978
1/28/2011 8:30:32,0.324699
1/28/2011 8:31:32,0.32728199999999996
1/28/2011 8:32:32,0.32100100000000004
1/28/2011 8:33:32,0.318684
1/28/2011 8:34:32,0.325258
1/28/2011 8:35:32,0.320976
1/28/2011 8:36:32,0.322383
1/28/2011 8:37:32,0.327571
1/28/2011 8:38:32,0.325033
1/28/2011 8:39:32,0.319293
1/28/2011 8:40:32,0.317744
1/28/2011 8:41:32,0.319553
1/28/2011 8:42:32,0.32141
1/28/2011 8:43:32,0.325417
1/28/2011 8:44:32,0.32486899999999996
1/28/2011 8:45:32,0.324909
1/28/2011 8:46:32,0.325893
1/28/2011 8:47:32,0.326857
1/28/2011 8:48:32,0.32518199999999997
1/28/2011 8:49:32,0.329135
1/28/2011 8:50:32,0.328338
1/28/2011 8:51:32,0.330076
1/28/2011 8:52:32,0.325508
1/28/2011 8:53:32,0.327197
1/28/2011 8:54:32,0.326519
1/28/2011 8:55:32,0.330266
1/28/2011 8:56:32,0.329027
1/28/2011 8:57:32,0.33478199999999997
1/28/2011 8:58:32,0.344792
1/28/2011 8:59:32,0.34996499999999997
1/28/2011 9:0:32,0.354616
1/28/2011 9:1:32,0.35373899999999997
1/28/2011 9:2:32,0.35009599999999996
1/28/2011 9:3:32,0.35177899999999995
1/28/2011 9:4:32,0.350064
1/28/2011 9:5:32,0.350719
1/28/2011 9:6:32,0.35075
1/28/2011 9:7:32,0.349927
1/28/2011 9:8:32,0.351184
1/28/2011 9:9:32,0.350985
1/28/2011 9:10:32,0.349649
1/28/2011 9:11:32,0.346485
1/28/2011 9:12:32,0.346473
1/28/2011 9:13:32,0.342943
1/28/2011 9:14:32,0.337595
1/28/2011 9:15:32,0.34131100000000003
1/28/2011 9:16:32,0.338443
1/28/2011 9:17:32,0.34081900000000004
1/28/2011 9:18:32,0.338586
1/28/2011 9:19:32,0.338656
1/28/2011 9:20:32,0.332303
1/28/2011 9:21:32,0.337962
1/28/2011 9:22:32,0.335817
1/28/2011 9:23:32,0.334788
1/28/2011 9:24:32,0.333022
1/28/2011 9:25:32,0.335756
1/28/2011 9:26:32,0.333539
1/28/2011 9:27:32,0.33267
1/28/2011 9:28:32,0.333942
1/28/2011 9:29:32,0.331442
1/28/2011 9:30:32,0.332444
1/28/2011 9:31:32,0.33247099999999996
1/28/2011 9:32:32,0.331222
1/28/2011 9:33:32,0.33374099999999995
1/28/2011 9:34:32,0.327446
1/28/2011 9:35:32,0.329102
1/28/2011 9:36:32,0.32946499999999995
1/28/2011 9:37:32,0.332975
1/28/2011 9:38:32,0.33177100000000004
1/28/2011 9:39:32,0.33386
1/28/2011 9:40:32,0.331901
1/28/2011 9:41:32,0.334992
1/28/2011 9:42:32,0.333013
1/28/2011 9:43:32,0.330326
1/28/2011 9:44:32,0.325733
1/28/2011 9:45:32,0.327217
1/28/2011 9:46:32,0.332777
1/28/2011 9:47:32,0.333593
1/28/2011 9:48:32,0.33185000000000003
1/28/2011 9:49:32,0.332332
1/28/2011 9:50:32,0.333373
1/28/2011 9:51:32,0.32852899999999996
1/28/2011 9:52:32,0.330844
1/28/2011 9:53:32,0.33165700000000004
1/28/2011 9:54:32,0.329262
1/28/2011 9:55:32,0.331009
1/28/2011 9:56:32,0.330951
1/28/2011 9:57:32,0.332252
1/28/2011 9:58:32,0.330044
1/28/2011 9:59:32,0.329716
1/28/2011 10:0:32,0.32709699999999997
1/28/2011 10:1:32,0.329663
1/28/2011 10:2:32,0.328396
1/28/2011 10:3:32,0.328706
1/28/2011 10:4:32,0.329528
1/28/2011 10:5:32,0.325315
1/28/2011 10:6:32,0.323798
1/28/2011 10:7:32,0.32948299999999997
1/28/2011 10:8:32,0.328998
1/28/2011 10:9:32,0.329264
1/28/2011 10:10:32,0.330327
1/28/2011 10:11:32,0.329332
1/28/2011 10:12:32,0.328971
1/28/2011 10:13:32,0.33279000000000003
1/28/2011 10:14:32,0.330984
1/28/2011 10:15:32,0.33074899999999996
1/28/2011 10:16:32,0.328849
1/28/2011 10:17:32,0.331897
1/28/2011 10:18:32,0.325768
1/28/2011 10:19:32,0.324915
1/28/2011 10:20:32,0.324329
1/28/2011 10:21:32,0.324006
1/28/2011 10:22:32,0.33059499999999997
1/28/2011 10:23:32,0.329489
1/28/2011 10:24:32,0.329619
1/28/2011 10:25:32,0.330224
1/28/2011 10:26:32,0.329851
1/28/2011 10:27:32,0.325107
1/28/2011 10:28:32,0.324721
1/28/2011 10:29:32,0.330224
1/28/2011 10:30:32,0.32696800000000004
1/28/2011 10:31:32,0.32847
1/28/2011 10:32:32,0.32277100000000003
1/28/2011 10:33:32,0.32501399999999997
1/28/2011 10:34:32,0.32472300000000004
1/28/2011 10:35:32,0.326127
1/28/2011 10:36:32,0.32827399999999995
1/28/2011 10:37:32,0.328003
1/28/2011 10:38:32,0.32684599999999997
1/28/2011 10:39:32,0.324976
1/28/2011 10:40:32,0.326364
1/28/2011 10:41:32,0.327452
1/28/2011 10:42:32,0.329096
1/28/2011 10:43:32,0.322858
1/28/2011 10:44:32,0.32450799999999996
1/28/2011 10:45:32,0.326764
1/28/2011 10:46:32,0.32709900000000003
1/28/2011 10:47:32,0.32525000000000004
1/28/2011 10:48:32,0.32480299999999995
1/28/2011 10:49:32,0.322224
1/28/2011 10:50:32,0.32275000000000004
1/28/2011 10:51:32,0.323735
1/28/2011 10:52:32,0.324132
1/28/2011 10:53:32,0.32441000000000003
1/28/2011 10:54:32,0.326595
1/28/2011 10:55:32,0.325272
1/28/2011 10:56:32,0.326709
1/28/2011 10:57:32,0.327615
1/28/2011 10:58:32,0.325452
1/28/2011 10:59:32,0.327498
1/28/2011 11:0:32,0.324929
1/28/2011 11:1:32,0.325249
1/28/2011 11:2:32,0.324731
1/28/2011 11:3:32,0.32510900000000004
1/28/2011 11:4:32,0.321853
1/28/2011 11:5:32,0.319883
1/28/2011 11:6:32,0.32275400000000004
1/28/2011 11:7:32,0.320401
1/28/2011 11:8:32,0.321931
1/28/2011 11:9:32,0.32653499999999996
1/28/2011 11:10:32,0.32581
1/28/2011 11:11:32,0.32215
1/28/2011 11:12:32,0.325532
1/28/2011 11:13:32,0.321515
1/28/2011 11:14:32,0.323003
1/28/2011 11:15:32,0.323676
1/28/2011 11:16:32,0.32531
1/28/2011 11:17:32,0.32749199999999995
1/28/2011 11:18:32,0.325527
1/28/2011 11:19:32,0.322298
1/28/2011 11:20:32,0.32251399999999997
1/28/2011 11:21:32,0.325789
1/28/2011 11:22:32,0.321168
1/28/2011 11:23:32,0.32181899999999997
1/28/2011 11:24:32,0.31884399999999996
1/28/2011 11:25:32,0.325306
1/28/2011 11:26:32,0.327521
1/28/2011 11:27:32,0.324762
1/28/2011 11:28:32,0.328186
1/28/2011 11:29:32,0.325668
1/28/2011 11:30:32,0.324207
1/28/2011 11:31:32,0.324691
1/28/2011 11:32:32,0.32402000000000003
1/28/2011 11:33:32,0.32618
1/28/2011 11:34:32,0.323587
1/28/2011 11:35:32,0.326431
1/28/2011 11:36:32,0.32625699999999996
1/28/2011 11:37:32,0.32520699999999997
1/28/2011 11:38:32,0.320933
1/28/2011 11:39:32,0.325024
1/28/2011 11:40:32,0.326454
1/28/2011 11:41:32,0.32718200000000003
1/28/2011 11:42:32,0.32811100000000004
1/28/2011 11:43:32,0.324278
1/28/2011 11:44:32,0.329141
1/28/2011 11:45:32,0.326871
1/28/2011 11:46:32,0.327407
1/28/2011 11:47:32,0.322505
1/28/2011 11:48:32,0.323115
1/28/2011 11:49:32,0.326831
1/28/2011 11:50:32,0.322746
1/28/2011 11:51:32,0.320871
1/28/2011 11:52:32,0.324316
1/28/2011 11:53:32,0.32778100000000004
1/28/2011 11:54:32,0.32111100000000004
1/28/2011 11:55:32,0.319427
1/28/2011 11:56:32,0.321678
1/28/2011 11:57:32,0.32153
1/28/2011 11:58:32,0.32696
1/28/2011 11:59:32,0.325389
1/28/2011 12:0:32,0.325043
1/28/2011 12:1:32,0.322523
1/28/2011 12:2:32,0.321089
1/28/2011 12:3:32,0.326739
1/28/2011 12:4:32,0.326015
1/28/2011 12:5:32,0.327068
1/28/2011 12:6:32,0.327839
1/28/2011 12:7:32,0.32484
1/28/2011 12:8:32,0.324647
1/28/2011 12:9:32,0.31988900000000003
1/28/2011 12:10:32,0.326494
1/28/2011 12:11:32,0.326171
1/28/2011 12:12:32,0.336748
1/28/2011 12:13:32,0.322839
1/28/2011 12:14:32,0.32117
1/28/2011 12:15:32,0.32671399999999995
1/28/2011 12:16:32,0.327028
1/28/2011 12:17:32,0.32704700000000003
1/28/2011 12:18:32,0.327801
1/28/2011 12:19:32,0.328206
1/28/2011 12:20:32,0.324191
1/28/2011 12:21:32,0.32842499999999997
1/28/2011 12:22:32,0.327227
1/28/2011 12:23:32,0.329506
1/28/2011 12:24:32,0.324921
1/28/2011 12:25:32,0.326632
1/28/2011 12:26:32,0.328927
1/28/2011 12:27:32,0.331988
1/28/2011 12:28:32,0.32819499999999996
1/28/2011 12:29:32,0.327925
1/28/2011 12:30:32,0.33005399999999996
1/28/2011 12:31:32,0.330252
1/28/2011 12:32:32,0.326957
1/28/2011 12:33:32,0.322851
1/28/2011 12:34:32,0.323861
1/28/2011 12:35:32,0.324348
1/28/2011 12:36:32,0.32438
1/28/2011 12:37:32,0.321789
1/28/2011 12:38:32,0.32269
1/28/2011 12:39:32,0.32457800000000003
1/28/2011 12:40:32,0.324383
1/28/2011 12:41:32,0.322256
1/28/2011 12:42:32,0.32165
1/28/2011 12:43:32,0.320203
1/28/2011 12:44:32,0.32229399999999997
1/28/2011 12:45:32,0.32246
1/28/2011 12:46:32,0.323869
1/28/2011 12:47:32,0.319008
1/28/2011 12:48:32,0.319787
1/28/2011 12:49:32,0.321892
1/28/2011 12:50:32,0.32405
1/28/2011 12:51:32,0.324855
1/28/2011 12:52:32,0.324954
1/28/2011 12:53:32,0.325018
1/28/2011 12:54:32,0.324731
1/28/2011 12:55:32,0.325708
1/28/2011 12:56:32,0.32455100000000003
1/28/2011 12:57:32,0.32280299999999995
1/28/2011 12:58:32,0.322219
1/28/2011 12:59:32,0.323863
1/28/2011 13:0:32,0.32525000000000004
1/28/2011 13:1:32,0.324287
1/28/2011 13:2:32,0.323373
1/28/2011 13:3:32,0.31933500000000004
1/28/2011 13:4:32,0.325484
1/28/2011 13:5:32,0.325385
1/28/2011 13:6:32,0.323193
1/28/2011 13:7:32,0.320129
1/28/2011 13:8:32,0.32189799999999996
1/28/2011 13:9:32,0.318456
1/28/2011 13:10:32,0.323698
1/28/2011 13:11:32,0.324372
1/28/2011 13:12:32,0.32506100000000004
1/28/2011 13:13:32,0.3241
1/28/2011 13:14:32,0.323813
1/28/2011 13:15:32,0.322594
1/28/2011 13:16:32,0.322743
1/28/2011 13:17:32,0.322405
1/28/2011 13:18:32,0.321921
1/28/2011 13:19:32,0.32333
1/28/2011 13:20:32,0.324822
1/28/2011 13:21:32,0.322563
1/28/2011 13:22:32,0.31963
1/28/2011 13:23:32,0.323096
1/28/2011 13:24:32,0.32136699999999996
1/28/2011 13:25:32,0.322022
1/28/2011 13:26:32,0.321118
1/28/2011 13:27:32,0.32377300000000003
1/28/2011 13:28:32,0.319306
1/28/2011 13:29:32,0.32130400000000003
1/28/2011 13:30:32,0.323355
1/28/2011 13:31:32,0.324687
1/28/2011 13:32:32,0.322614
1/28/2011 13:33:32,0.317484
1/28/2011 13:34:32,0.318463
1/28/2011 13:35:32,0.321851
1/28/2011 13:36:32,0.322017
1/28/2011 13:37:32,0.32427900000000004
1/28/2011 13:38:32,0.321043
1/28/2011 13:39:32,0.31889100000000004
1/28/2011 13:40:32,0.31708000000000003
1/28/2011 13:41:32,0.320978
1/28/2011 13:42:32,0.324214
1/28/2011 13:43:32,0.323885
1/28/2011 13:44:32,0.318569
1/28/2011 13:45:32,0.318852
1/28/2011 13:46:32,0.322025
1/28/2011 13:47:32,0.322874
1/28/2011 13:48:32,0.317313
1/28/2011 13:49:32,0.319725
1/28/2011 13:50:32,0.31986
1/28/2011 13:51:32,0.321396
1/28/2011 13:52:32,0.32198
1/28/2011 13:53:32,0.322323
1/28/2011 13:54:32,0.32207600000000003
1/28/2011 13:55:32,0.322175
1/28/2011 13:56:32,0.322835
1/28/2011 13:57:32,0.325059
1/28/2011 13:58:32,0.322489
1/28/2011 13:59:32,0.320174
1/28/2011 14:0:32,0.317698
1/28/2011 14:1:32,0.319604
1/28/2011 14:2:32,0.323341
1/28/2011 14:3:32,0.325524
1/28/2011 14:4:32,0.321921
1/28/2011 14:5:32,0.321278
1/28/2011 14:6:32,0.32280299999999995
1/28/2011 14:7:32,0.322783
1/28/2011 14:8:32,0.322522
1/28/2011 14:9:32,0.323586
1/28/2011 14:10:32,0.320567
1/28/2011 14:11:32,0.32221099999999997
1/28/2011 14:12:32,0.319637
1/28/2011 14:13:32,0.32372500000000004
1/28/2011 14:14:32,0.324009
1/28/2011 14:15:32,0.32467599999999996
1/28/2011 14:16:32,0.321074
1/28/2011 14:17:32,0.323645
1/28/2011 14:18:32,0.32216500000000003
1/28/2011 14:19:32,0.321
1/28/2011 14:20:32,0.322391
1/28/2011 14:21:32,0.321405
1/28/2011 14:22:32,0.32091200000000003
1/28/2011 14:23:32,0.316434
1/28/2011 14:24:32,0.32256199999999996
1/28/2011 14:25:32,0.32390199999999997
1/28/2011 14:26:32,0.318626
1/28/2011 14:27:32,0.31967999999999996
1/28/2011 14:28:32,0.32203899999999996
1/28/2011 14:29:32,0.324408
1/28/2011 14:30:32,0.324492
1/28/2011 14:31:32,0.323138
1/28/2011 14:32:32,0.320393
1/28/2011 14:33:32,0.322893
1/28/2011 14:34:32,0.32332299999999997
1/28/2011 14:35:32,0.321479
1/28/2011 14:36:32,0.319485
1/28/2011 14:37:32,0.32149700000000003
1/28/2011 14:38:32,0.322459
1/28/2011 14:39:32,0.315944
1/28/2011 14:40:32,0.32334399999999996
1/28/2011 14:41:32,0.318637
1/28/2011 14:42:32,0.31714200000000003
1/28/2011 14:43:32,0.317137
1/28/2011 14:44:32,0.31664600000000004
1/28/2011 14:45:32,0.316621
1/28/2011 14:46:32,0.318442
1/28/2011 14:47:32,0.32318199999999997
1/28/2011 14:48:32,0.32326499999999997
1/28/2011 14:49:32,0.320585
1/28/2011 14:50:32,0.314338
1/28/2011 14:51:32,0.323478
1/28/2011 14:52:32,0.322333
1/28/2011 14:53:32,0.32175
1/28/2011 14:54:32,0.32192800000000005
1/28/2011 14:55:32,0.32278199999999996
1/28/2011 14:56:32,0.322032
1/28/2011 14:57:32,0.321728
1/28/2011 14:58:32,0.320665
1/28/2011 14:59:32,0.316513
1/28/2011 15:0:32,0.317874
1/28/2011 15:1:32,0.32046800000000003
1/28/2011 15:2:32,0.31980600000000003
1/28/2011 15:3:32,0.32041
1/28/2011 15:4:32,0.322588
1/28/2011 15:5:32,0.31942800000000005
1/28/2011 15:6:32,0.315813
1/28/2011 15:7:32,0.318418
1/28/2011 15:8:32,0.320296
1/28/2011 15:9:32,0.316412
1/28/2011 15:10:32,0.320222
1/28/2011 15:11:32,0.32148099999999996
1/28/2011 15:12:32,0.31630800000000003
1/28/2011 15:13:32,0.314614
1/28/2011 15:14:32,0.31979
1/28/2011 15:15:32,0.32212
1/28/2011 15:16:32,0.321123
1/28/2011 15:17:32,0.315538
1/28/2011 15:18:32,0.321216
1/28/2011 15:19:32,0.32108800000000004
1/28/2011 15:20:32,0.319196
1/28/2011 15:21:32,0.3235
1/28/2011 15:22:32,0.323073
1/28/2011 15:23:32,0.31615499999999996
1/28/2011 15:24:32,0.322036
1/28/2011 15:25:32,0.322602
1/28/2011 15:26:32,0.32257
1/28/2011 15:27:32,0.32205500000000004
1/28/2011 15:28:32,0.321824
1/28/2011 15:29:32,0.321808
1/28/2011 15:30:32,0.320961
1/28/2011 15:31:32,0.321619
1/28/2011 15:32:32,0.32046800000000003
1/28/2011 15:33:32,0.320371
1/28/2011 15:34:32,0.322513
1/28/2011 15:35:32,0.31879500000000005
1/28/2011 15:36:32,0.31714
1/28/2011 15:37:32,0.317685
1/28/2011 15:38:32,0.322528
1/28/2011 15:39:32,0.322106
1/28/2011 15:40:32,0.32356
1/28/2011 15:41:32,0.319641
1/28/2011 15:42:32,0.323303
1/28/2011 15:43:32,0.322825
1/28/2011 15:44:32,0.321697
1/28/2011 15:45:32,0.322466
1/28/2011 15:46:32,0.322633
1/28/2011 15:47:32,0.324398
1/28/2011 15:48:32,0.322525
1/28/2011 15:49:32,0.318613
1/28/2011 15:50:32,0.317466
1/28/2011 15:51:32,0.318135
1/28/2011 15:52:32,0.323134
1/28/2011 15:53:32,0.323631
1/28/2011 15:54:32,0.32395999999999997
1/28/2011 15:55:32,0.32021099999999997
1/28/2011 15:56:32,0.31718799999999997
1/28/2011 15:57:32,0.320822
1/28/2011 15:58:32,0.32193700000000003
1/28/2011 15:59:32,0.32197600000000004
1/28/2011 16:0:32,0.319854
1/28/2011 16:1:32,0.32336000000000004
1/28/2011 16:2:32,0.31899700000000003
1/28/2011 16:3:32,0.319124
1/28/2011 16:4:32,0.322009
1/28/2011 16:5:32,0.323272
1/28/2011 16:6:32,0.321218
1/28/2011 16:7:32,0.322779
1/28/2011 16:8:32,0.321882
1/28/2011 16:9:32,0.317467
1/28/2011 16:10:32,0.323991
1/28/2011 16:11:32,0.322484
1/28/2011 16:12:32,0.324125
1/28/2011 16:13:32,0.321174
1/28/2011 16:14:32,0.322494
1/28/2011 16:15:32,0.322092
1/28/2011 16:16:32,0.317208
1/28/2011 16:17:32,0.316878
1/28/2011 16:18:32,0.31779300000000005
1/28/2011 16:19:32,0.319576
1/28/2011 16:20:32,0.32503000000000004
1/28/2011 16:21:32,0.32486800000000005
1/28/2011 16:22:32,0.322956
1/28/2011 16:23:32,0.32376900000000003
1/28/2011 16:24:32,0.323922
1/28/2011 16:25:32,0.323673
1/28/2011 16:26:32,0.324092
1/28/2011 16:27:32,0.32248699999999997
1/28/2011 16:28:32,0.32553600000000005
1/28/2011 16:29:32,0.32276499999999997
1/28/2011 16:30:32,0.32376699999999997
1/28/2011 16:31:32,0.324129
1/28/2011 16:32:32,0.324357
1/28/2011 16:33:32,0.324572
1/28/2011 16:34:32,0.324853
1/28/2011 16:35:32,0.324684
1/28/2011 16:36:32,0.32075000000000004
1/28/2011 16:37:32,0.32543500000000003
1/28/2011 16:38:32,0.32657600000000003
1/28/2011 16:39:32,0.322735
1/28/2011 16:40:32,0.323745
1/28/2011 16:41:32,0.32536400000000004
1/28/2011 16:42:32,0.324974
1/28/2011 16:43:32,0.325253
1/28/2011 16:44:32,0.323812
1/28/2011 16:45:32,0.325038
1/28/2011 16:46:32,0.323954
1/28/2011 16:47:32,0.323447
1/28/2011 16:48:32,0.32193
1/28/2011 16:49:32,0.31909899999999997
1/28/2011 16:50:32,0.31854499999999997
1/28/2011 16:51:32,0.318921
1/28/2011 16:52:32,0.319792
1/28/2011 16:53:32,0.319867
1/28/2011 16:54:32,0.320071
1/28/2011 16:55:32,0.324446
1/28/2011 16:56:32,0.323958
1/28/2011 16:57:32,0.321861
1/28/2011 16:58:32,0.32496800000000003
1/28/2011 16:59:32,0.320026
1/28/2011 17:0:32,0.323341
1/28/2011 17:1:32,0.326228
1/28/2011 17:2:32,0.325143
1/28/2011 17:3:32,0.325631
1/28/2011 17:4:32,0.323996
1/28/2011 17:5:32,0.322027
1/28/2011 17:6:32,0.322147
1/28/2011 17:7:32,0.321854
1/28/2011 17:8:32,0.32101599999999997
1/28/2011 17:9:32,0.318258
1/28/2011 17:10:32,0.326673
1/28/2011 17:11:32,0.326008
1/28/2011 17:20:32,0.324144
1/28/2011 17:21:32,0.32541200000000003
1/28/2011 17:22:32,0.328166
1/28/2011 17:23:32,0.322584
1/28/2011 17:24:32,0.32736400000000004
1/28/2011 17:25:32,0.32518800000000003
1/28/2011 17:26:32,0.327012
1/28/2011 17:27:32,0.325525
1/28/2011 17:28:32,0.326882
1/28/2011 17:29:32,0.32581899999999997
1/28/2011 17:30:32,0.326295
1/28/2011 17:31:32,0.32537499999999997
1/28/2011 17:32:32,0.326415
1/28/2011 17:33:32,0.32839799999999997
1/28/2011 17:34:32,0.327649
1/28/2011 17:35:32,0.328201
1/28/2011 17:36:32,0.326137
1/28/2011 17:37:32,0.325691
1/28/2011 17:38:32,0.325038
1/28/2011 17:39:32,0.326101
1/28/2011 17:40:32,0.327563
1/28/2011 17:41:32,0.328108
1/28/2011 17:42:32,0.32539199999999996
1/28/2011 17:43:32,0.327263
1/28/2011 17:44:32,0.32491699999999996
1/28/2011 17:45:32,0.326038
1/28/2011 17:46:32,0.32714000000000004
1/28/2011 17:47:32,0.326279
1/28/2011 17:48:32,0.326529
1/28/2011 17:49:32,0.325291
1/28/2011 17:50:32,0.32754300000000003
1/28/2011 17:51:32,0.323359
1/28/2011 17:52:32,0.32489599999999996
1/28/2011 17:53:32,0.32855500000000004
1/28/2011 17:54:32,0.32702000000000003
1/28/2011 17:55:32,0.325835
1/28/2011 17:56:32,0.325342
1/28/2011 17:57:32,0.326781
1/28/2011 17:58:32,0.32664
1/28/2011 17:59:32,0.326604
1/28/2011 18:0:32,0.325821
1/28/2011 18:1:32,0.32597000000000004
1/28/2011 18:2:32,0.322862
1/28/2011 18:3:32,0.326277
1/28/2011 18:4:32,0.32711399999999996
1/28/2011 18:5:32,0.324037
1/28/2011 18:6:32,0.325096
1/28/2011 18:7:32,0.322261
1/28/2011 18:8:32,0.324202
1/28/2011 18:9:32,0.324447
1/28/2011 18:10:32,0.326054
1/28/2011 18:11:32,0.33083100000000004
1/28/2011 18:12:32,0.325812
1/28/2011 18:13:32,0.327744
1/28/2011 18:14:32,0.32685800000000004
1/28/2011 18:15:32,0.32741
1/28/2011 18:16:32,0.327402
1/28/2011 18:17:32,0.326932
1/28/2011 18:18:32,0.32494799999999996
1/28/2011 18:19:32,0.325212
1/28/2011 18:20:32,0.329664
1/28/2011 18:21:32,0.328617
1/28/2011 18:22:32,0.331261
1/28/2011 18:23:32,0.327214
1/28/2011 18:24:32,0.32699500000000004
1/28/2011 18:25:32,0.32706999999999997
1/28/2011 18:26:32,0.325673
1/28/2011 18:27:32,0.32442499999999996
1/28/2011 18:28:32,0.32795300000000005
1/28/2011 18:29:32,0.326928
1/28/2011 18:30:32,0.324988
1/28/2011 18:31:32,0.322241
1/28/2011 18:32:32,0.32337099999999996
1/28/2011 18:33:32,0.326169
1/28/2011 18:34:32,0.32741200000000004
1/28/2011 18:35:32,0.325891
1/28/2011 18:36:32,0.32752200000000004
1/28/2011 18:37:32,0.327071
1/28/2011 18:38:32,0.32775099999999996
1/28/2011 18:39:32,0.326188
1/28/2011 18:40:32,0.324494
1/28/2011 18:41:32,0.32912
1/28/2011 18:42:32,0.327103
1/28/2011 18:43:32,0.324825
1/28/2011 18:44:32,0.327169
1/28/2011 18:45:32,0.32819499999999996
1/28/2011 18:46:32,0.32799
1/28/2011 18:47:32,0.32471099999999997
1/28/2011 18:48:32,0.31909899999999997
1/28/2011 18:49:32,0.325165
1/28/2011 18:50:32,0.32394999999999996
1/28/2011 18:51:32,0.325817
1/28/2011 18:52:32,0.320987
1/28/2011 18:53:32,0.32244
1/28/2011 18:54:32,0.325624
1/28/2011 18:55:32,0.326047
1/28/2011 18:56:32,0.325442
1/28/2011 18:57:32,0.32582
1/28/2011 18:58:32,0.319083
1/28/2011 18:59:32,0.3196
1/28/2011 19:0:32,0.32286400000000004
1/28/2011 19:1:32,0.3195
1/28/2011 19:2:32,0.319145
1/28/2011 19:3:32,0.32200399999999996
1/28/2011 19:4:32,0.32393
1/28/2011 19:5:32,0.32223199999999996
1/28/2011 19:6:32,0.32545799999999997
1/28/2011 19:7:32,0.323249
1/28/2011 19:8:32,0.32585600000000003
1/28/2011 19:9:32,0.320531
1/28/2011 19:10:32,0.31903200000000004
1/28/2011 19:11:32,0.317652
1/28/2011 19:12:32,0.31866
1/28/2011 19:13:32,0.324093
1/28/2011 19:14:32,0.32231000000000004
1/28/2011 19:15:32,0.321837
1/28/2011 19:16:32,0.323303
1/28/2011 19:17:32,0.323827
1/28/2011 19:18:32,0.325707
1/28/2011 19:19:32,0.324104
1/28/2011 19:20:32,0.319589
1/28/2011 19:21:32,0.323793
1/28/2011 19:22:32,0.323975
1/28/2011 19:23:32,0.32122599999999996
1/28/2011 19:24:32,0.324203
1/28/2011 19:25:32,0.325594
1/28/2011 19:26:32,0.324913
1/28/2011 19:27:32,0.32315099999999997
1/28/2011 19:28:32,0.32390199999999997
1/28/2011 19:29:32,0.323341
1/28/2011 19:30:32,0.319341
1/28/2011 19:31:32,0.323369
1/28/2011 19:32:32,0.318865
1/28/2011 19:33:32,0.322065
1/28/2011 19:34:32,0.325503
1/28/2011 19:35:32,0.324092
1/28/2011 19:36:32,0.323366
1/28/2011 19:37:32,0.325125
1/28/2011 19:38:32,0.325947
1/28/2011 19:39:32,0.322308
1/28/2011 19:40:32,0.326065
1/28/2011 19:41:32,0.324892
1/28/2011 19:42:32,0.326026
1/28/2011 19:43:32,0.324913
1/28/2011 19:44:32,0.3232
1/28/2011 19:45:32,0.324556
1/28/2011 19:46:32,0.32242099999999996
1/28/2011 19:47:32,0.32463400000000003
1/28/2011 19:48:32,0.322261
1/28/2011 19:49:32,0.325416
1/28/2011 19:50:32,0.324326
1/28/2011 19:51:32,0.32237200000000005
1/28/2011 19:52:32,0.324712
1/28/2011 19:53:32,0.32353699999999996
1/28/2011 19:54:32,0.32233700000000004
1/28/2011 19:55:32,0.323613
1/28/2011 19:56:32,0.32383599999999996
1/28/2011 19:57:32,0.319289
1/28/2011 19:58:32,0.32421799999999995
1/28/2011 19:59:32,0.322789
1/28/2011 20:0:33,0.32000300000000004
1/28/2011 20:1:33,0.321601
1/28/2011 20:2:33,0.323939
1/28/2011 20:3:33,0.32591400000000004
1/28/2011 20:4:33,0.32655
1/28/2011 20:5:33,0.32572900000000005
1/28/2011 20:6:33,0.319327
1/28/2011 20:7:33,0.323212
1/28/2011 20:8:33,0.32400799999999996
1/28/2011 20:9:33,0.325813
1/28/2011 20:10:33,0.321342
1/28/2011 20:11:33,0.31922100000000003
1/28/2011 20:12:33,0.31989399999999996
1/28/2011 20:13:33,0.322779
1/28/2011 20:14:33,0.32154900000000003
1/28/2011 20:15:33,0.324092
1/28/2011 20:16:33,0.32515700000000003
1/28/2011 20:17:33,0.323943
1/28/2011 20:18:33,0.32312399999999997
1/28/2011 20:19:33,0.32383599999999996
1/28/2011 20:20:33,0.324748
1/28/2011 20:21:33,0.32076099999999996
1/28/2011 20:22:33,0.320074
1/28/2011 20:23:33,0.325054
1/28/2011 20:24:33,0.324285
1/28/2011 20:25:33,0.324365
1/28/2011 20:26:33,0.322887
1/28/2011 20:27:33,0.32572599999999996
1/28/2011 20:28:33,0.320737
1/28/2011 20:29:33,0.32253499999999996
1/28/2011 20:30:33,0.323192
1/28/2011 20:31:33,0.324908
1/28/2011 20:32:33,0.323495
1/28/2011 20:33:33,0.32093900000000003
1/28/2011 20:34:33,0.323345
1/28/2011 20:35:33,0.32176699999999997
1/28/2011 20:36:33,0.32339
1/28/2011 20:37:33,0.32319899999999996
1/28/2011 20:38:33,0.323161
1/28/2011 20:39:33,0.32347099999999995
1/28/2011 20:40:33,0.32337
1/28/2011 20:41:33,0.327725
1/28/2011 20:42:33,0.32344
1/28/2011 20:43:33,0.322502
1/28/2011 20:44:33,0.32361599999999996
1/28/2011 20:45:33,0.322144
1/28/2011 20:46:33,0.32138
1/28/2011 20:47:33,0.323801
1/28/2011 20:48:33,0.324602
1/28/2011 20:49:33,0.32392899999999997
1/28/2011 20:50:33,0.321503
1/28/2011 20:51:33,0.322971
1/28/2011 20:52:33,0.32179
1/28/2011 20:53:33,0.319368
1/28/2011 20:54:33,0.318745
1/28/2011 20:55:33,0.316895
1/28/2011 20:56:33,0.31692
1/28/2011 20:57:33,0.31684999999999997
1/28/2011 20:58:33,0.317461
1/28/2011 20:59:33,0.320056
1/28/2011 21:0:33,0.32482700000000003
1/28/2011 21:1:33,0.324643
1/28/2011 21:2:33,0.323473
1/28/2011 21:3:33,0.322652
1/28/2011 21:4:33,0.324587
1/28/2011 21:5:33,0.32306
1/28/2011 21:6:33,0.31817199999999995
1/28/2011 21:7:33,0.318037
1/28/2011 21:8:33,0.32148499999999997
1/28/2011 21:9:33,0.323233
1/28/2011 21:10:33,0.32351
1/28/2011 21:11:33,0.321829
1/28/2011 21:12:33,0.322096
1/28/2011 21:13:33,0.32362
1/28/2011 21:14:33,0.319693
1/28/2011 21:15:33,0.32030600000000004
1/28/2011 21:16:33,0.31911
1/28/2011 21:17:33,0.319826
1/28/2011 21:18:33,0.324003
1/28/2011 21:19:33,0.3233
1/28/2011 21:20:33,0.323668
1/28/2011 21:21:33,0.323463
1/28/2011 21:22:33,0.321757
1/28/2011 21:23:33,0.318697
1/28/2011 21:24:33,0.318707
1/28/2011 21:25:33,0.320937
1/28/2011 21:26:33,0.325503
1/28/2011 21:27:33,0.32259600000000005
1/28/2011 21:28:33,0.32405900000000004
1/28/2011 21:29:33,0.32605900000000004
1/28/2011 21:30:33,0.32376099999999997
1/28/2011 21:31:33,0.323066
1/28/2011 21:32:33,0.324078
1/28/2011 21:33:33,0.32314699999999996
1/28/2011 21:34:33,0.32397
1/28/2011 21:35:33,0.32685000000000003
1/28/2011 21:36:33,0.322926
1/28/2011 21:37:33,0.324192
1/28/2011 21:38:33,0.32482
1/28/2011 21:39:33,0.325719
1/28/2011 21:40:33,0.319853
1/28/2011 21:41:33,0.32469
1/28/2011 21:42:33,0.323457
1/28/2011 21:43:33,0.325134
1/28/2011 21:44:33,0.32546400000000003
1/28/2011 21:45:33,0.327228
1/28/2011 21:46:33,0.325152
1/28/2011 21:47:33,0.325079
1/28/2011 21:48:33,0.327403
1/28/2011 21:49:33,0.32576900000000003
1/28/2011 21:50:33,0.324684
1/28/2011 21:51:33,0.324021
1/28/2011 21:52:33,0.326026
1/28/2011 21:53:33,0.325915
1/28/2011 21:54:33,0.324413
1/28/2011 21:55:33,0.325191
1/28/2011 21:56:33,0.32136600000000004
1/28/2011 21:57:33,0.320378
1/28/2011 21:58:33,0.318067
1/28/2011 21:59:33,0.325525
1/28/2011 22:0:33,0.323431
1/28/2011 22:1:33,0.328152
1/28/2011 22:2:33,0.325131
1/28/2011 22:3:33,0.33697099999999997
1/28/2011 22:4:33,0.32634199999999997
1/28/2011 22:5:33,0.32235199999999997
1/28/2011 22:6:33,0.32105700000000004
1/28/2011 22:7:33,0.321518
1/28/2011 22:8:33,0.32002
1/28/2011 22:9:33,0.323493
1/28/2011 22:10:33,0.32549100000000003
1/28/2011 22:11:33,0.31915
1/28/2011 22:12:33,0.31732
1/28/2011 22:13:33,0.320166
1/28/2011 22:14:33,0.32123999999999997
1/28/2011 22:15:33,0.320301
1/28/2011 22:16:33,0.32350199999999996
1/28/2011 22:17:33,0.325493
1/28/2011 22:18:33,0.32136000000000003
1/28/2011 22:19:33,0.325098
1/28/2011 22:20:33,0.325989
1/28/2011 22:21:33,0.339658
1/28/2011 22:22:33,0.32223
1/28/2011 22:23:33,0.320005
1/28/2011 22:24:33,0.320999
1/28/2011 22:25:33,0.32467900000000005
1/28/2011 22:26:33,0.32050900000000004
1/28/2011 22:27:33,0.321585
1/28/2011 22:28:33,0.325351
1/28/2011 22:29:33,0.324682
1/28/2011 22:30:33,0.325559
1/28/2011 22:31:33,0.32405999999999996
1/28/2011 22:32:33,0.33215
1/28/2011 22:33:33,0.325056
1/28/2011 22:34:33,0.325118
1/28/2011 22:35:33,0.32554
1/28/2011 22:36:33,0.326323
1/28/2011 22:37:33,0.32651600000000003
1/28/2011 22:38:33,0.324748
1/28/2011 22:39:33,0.325016
1/28/2011 22:40:33,0.326148
1/28/2011 22:41:33,0.322026
1/28/2011 22:42:33,0.325543
1/28/2011 22:43:33,0.32388399999999995
1/28/2011 22:44:33,0.325656
1/28/2011 22:45:33,0.32727500000000004
1/28/2011 22:46:33,0.32518800000000003
1/28/2011 22:47:33,0.327631
1/28/2011 22:48:33,0.32644
1/28/2011 22:49:33,0.328137
1/28/2011 22:50:33,0.32583900000000005
1/28/2011 22:51:33,0.322708
1/28/2011 22:52:33,0.324428
1/28/2011 22:53:33,0.32577799999999996
1/28/2011 22:54:33,0.327498
1/28/2011 22:55:33,0.327162
1/28/2011 22:56:33,0.327233
1/28/2011 22:57:33,0.325736
1/28/2011 22:58:33,0.323134
1/28/2011 22:59:33,0.32485800000000004
1/28/2011 23:0:33,0.324256
1/28/2011 23:1:33,0.321503
1/28/2011 23:2:33,0.32461799999999996
1/28/2011 23:3:33,0.321818
1/28/2011 23:4:33,0.324054
1/28/2011 23:5:33,0.324416
1/28/2011 23:6:33,0.32086400000000004
1/28/2011 23:7:33,0.320056
1/28/2011 23:8:33,0.319807
1/28/2011 23:9:33,0.32035800000000003
1/28/2011 23:10:33,0.317479
1/28/2011 23:11:33,0.320393
1/28/2011 23:12:33,0.32529
1/28/2011 23:13:33,0.324654
1/28/2011 23:14:33,0.32316700000000004
1/28/2011 23:15:33,0.323456
1/28/2011 23:16:33,0.325732
1/28/2011 23:17:33,0.318972
1/28/2011 23:18:33,0.319149
1/28/2011 23:19:33,0.318723
1/28/2011 23:20:33,0.31891800000000003
1/28/2011 23:21:33,0.323351
1/28/2011 23:22:33,0.324575
1/28/2011 23:23:33,0.32703000000000004
1/28/2011 23:24:33,0.324748
1/28/2011 23:25:33,0.32087
1/28/2011 23:26:33,0.323104
1/28/2011 23:27:33,0.32268800000000003
1/28/2011 23:28:33,0.325865
1/28/2011 23:29:33,0.322105
1/28/2011 23:30:33,0.324155
1/28/2011 23:31:33,0.32423199999999996
1/28/2011 23:32:33,0.322132
1/28/2011 23:33:33,0.323212
1/28/2011 23:34:33,0.32351800000000003
1/28/2011 23:35:33,0.323931
1/28/2011 23:36:33,0.321272
1/28/2011 23:37:33,0.31876000000000004
1/28/2011 23:38:33,0.321521
1/28/2011 23:39:33,0.323233
1/28/2011 23:40:33,0.32576900000000003
1/28/2011 23:41:33,0.324065
1/28/2011 23:42:33,0.32414899999999996
1/28/2011 23:43:33,0.322701
1/28/2011 23:44:33,0.321731
1/28/2011 23:45:33,0.323655
1/28/2011 23:46:33,0.32961999999999997
1/28/2011 23:47:33,0.32526
1/28/2011 23:48:33,0.32303699999999996
1/28/2011 23:49:33,0.326495
1/28/2011 23:50:33,0.326609
1/28/2011 23:51:33,0.323798
1/28/2011 23:52:33,0.325704
1/28/2011 23:53:33,0.326403
1/28/2011 23:54:33,0.324532
1/28/2011 23:55:33,0.325138
1/28/2011 23:56:33,0.325107
1/28/2011 23:57:33,0.327627
1/28/2011 23:58:33,0.327327
1/28/2011 23:59:33,0.327584
1/29/2011 0:0:33,0.32492699999999997
1/29/2011 0:1:33,0.325736
1/29/2011 0:2:33,0.32070299999999996
1/29/2011 0:3:33,0.31907399999999997
1/29/2011 0:4:33,0.319526
1/29/2011 0:5:33,0.32356300000000005
1/29/2011 0:6:33,0.326132
1/29/2011 0:7:33,0.325187
1/29/2011 0:8:33,0.324984
1/29/2011 0:9:33,0.325305
1/29/2011 0:10:33,0.32603
1/29/2011 0:11:33,0.32569000000000004
1/29/2011 0:12:33,0.32501399999999997
1/29/2011 0:13:33,0.32714499999999996
1/29/2011 0:14:33,0.322124
1/29/2011 0:15:33,0.320612
1/29/2011 0:16:33,0.323032
1/29/2011 0:17:33,0.326084
1/29/2011 0:18:33,0.325154
1/29/2011 0:19:33,0.324168
1/29/2011 0:20:33,0.322006
1/29/2011 0:21:33,0.32368600000000003
1/29/2011 0:22:33,0.32581899999999997
1/29/2011 0:23:33,0.325655
1/29/2011 0:24:33,0.324545
1/29/2011 0:25:33,0.32594900000000004
1/29/2011 0:26:33,0.325122
1/29/2011 0:27:33,0.327345
1/29/2011 0:28:33,0.326371
1/29/2011 0:29:33,0.325847
1/29/2011 0:30:33,0.323478
1/29/2011 0:31:33,0.325201
1/29/2011 0:32:33,0.324396
1/29/2011 0:33:33,0.32162199999999996
1/29/2011 0:34:33,0.32496499999999995
1/29/2011 0:35:33,0.32091
1/29/2011 0:36:33,0.322695
1/29/2011 0:37:33,0.325576
1/29/2011 0:38:33,0.324976
1/29/2011 0:39:33,0.32246199999999997
1/29/2011 0:40:33,0.321887
1/29/2011 0:41:33,0.324063
1/29/2011 0:42:33,0.32577799999999996
1/29/2011 0:43:33,0.325965
1/29/2011 0:44:33,0.323885
1/29/2011 0:45:33,0.319487
1/29/2011 0:46:33,0.319014
1/29/2011 0:47:33,0.318951
1/29/2011 0:48:33,0.322009
1/29/2011 0:49:33,0.328107
1/29/2011 0:50:33,0.32554
1/29/2011 0:51:33,0.320457
1/29/2011 0:52:33,0.319541
1/29/2011 0:53:33,0.324079
1/29/2011 0:54:33,0.325666
1/29/2011 0:55:33,0.324247
1/29/2011 0:56:33,0.32507199999999997
1/29/2011 0:57:33,0.322409
1/29/2011 0:58:33,0.31973599999999996
1/29/2011 0:59:33,0.31987699999999997
1/29/2011 1:0:33,0.322845
1/29/2011 1:1:33,0.3239
1/29/2011 1:2:33,0.32526099999999997
1/29/2011 1:3:33,0.32453899999999997
1/29/2011 1:4:33,0.323868
1/29/2011 1:5:33,0.323111
1/29/2011 1:6:33,0.322274
1/29/2011 1:7:33,0.32055799999999995
1/29/2011 1:8:33,0.325274
1/29/2011 1:9:33,0.323039
1/29/2011 1:10:33,0.322874
1/29/2011 1:11:33,0.323429
1/29/2011 1:12:33,0.322152
1/29/2011 1:13:33,0.321395
1/29/2011 1:14:33,0.320108
1/29/2011 1:15:33,0.319533
1/29/2011 1:16:33,0.31855300000000003
1/29/2011 1:17:33,0.319901
1/29/2011 1:18:33,0.319101
1/29/2011 1:19:33,0.32365999999999995
1/29/2011 1:20:33,0.327228
1/29/2011 1:21:33,0.325909
1/29/2011 1:22:33,0.326088
1/29/2011 1:23:33,0.324411
1/29/2011 1:24:33,0.327204
1/29/2011 1:25:33,0.325445
1/29/2011 1:26:33,0.32601800000000003
1/29/2011 1:27:33,0.32519899999999996
1/29/2011 1:28:33,0.325119
1/29/2011 1:29:33,0.32633500000000004
1/29/2011 1:30:33,0.32720699999999997
1/29/2011 1:31:33,0.326409
1/29/2011 1:32:33,0.325278
1/29/2011 1:33:33,0.327215
1/29/2011 1:34:33,0.326794
1/29/2011 1:35:33,0.32566
1/29/2011 1:36:33,0.321581
1/29/2011 1:37:33,0.320386
1/29/2011 1:38:33,0.320498
1/29/2011 1:39:33,0.322808
1/29/2011 1:40:33,0.324074
1/29/2011 1:41:33,0.325507
1/29/2011 1:42:33,0.32550199999999996
1/29/2011 1:43:33,0.325413
1/29/2011 1:44:33,0.326206
1/29/2011 1:45:33,0.326505
1/29/2011 1:46:33,0.320476
1/29/2011 1:47:33,0.32341200000000003
1/29/2011 1:48:33,0.323001
1/29/2011 1:49:33,0.324365
1/29/2011 1:50:33,0.325351
1/29/2011 1:51:33,0.324663
1/29/2011 1:52:33,0.326891
1/29/2011 1:53:33,0.32536099999999996
1/29/2011 1:54:33,0.328329
1/29/2011 1:55:33,0.328043
1/29/2011 1:56:33,0.32937
1/29/2011 1:57:33,0.330289
1/29/2011 1:58:33,0.326056
1/29/2011 1:59:33,0.329518
1/29/2011 2:0:33,0.32636699999999996
1/29/2011 2:1:33,0.329438
1/29/2011 2:2:33,0.32335200000000003
1/29/2011 2:3:33,0.319869
1/29/2011 2:4:33,0.321511
1/29/2011 2:5:33,0.323236
1/29/2011 2:6:33,0.324092
1/29/2011 2:7:33,0.322115
1/29/2011 2:8:33,0.326865
1/29/2011 2:9:33,0.325021
1/29/2011 2:10:33,0.325065
1/29/2011 2:11:33,0.32693
1/29/2011 2:12:33,0.326878
1/29/2011 2:13:33,0.326667
1/29/2011 2:14:33,0.324666
1/29/2011 2:15:33,0.327692
1/29/2011 2:16:33,0.322253
1/29/2011 2:17:33,0.322185
1/29/2011 2:18:33,0.326939
1/29/2011 2:19:33,0.326372
1/29/2011 2:20:33,0.328275
1/29/2011 2:21:33,0.322289
1/29/2011 2:22:33,0.32234199999999996
1/29/2011 2:23:33,0.329045
1/29/2011 2:24:33,0.32732900000000004
1/29/2011 2:25:33,0.33027700000000004
1/29/2011 2:26:33,0.327693
1/29/2011 2:27:33,0.322619
1/29/2011 2:28:33,0.32714899999999997
1/29/2011 2:29:33,0.322432
1/29/2011 2:30:33,0.321228
1/29/2011 2:31:33,0.32033700000000004
1/29/2011 2:32:33,0.32513600000000004
1/29/2011 2:33:33,0.32686899999999997
1/29/2011 2:34:33,0.32268800000000003
1/29/2011 2:35:33,0.326769
1/29/2011 2:36:33,0.32224800000000003
1/29/2011 2:37:33,0.32353699999999996
1/29/2011 2:38:33,0.325607
1/29/2011 2:39:33,0.32704300000000003
1/29/2011 2:40:33,0.325064
1/29/2011 2:41:33,0.325683
1/29/2011 2:42:33,0.325514
1/29/2011 2:43:33,0.32604
1/29/2011 2:44:33,0.327917
1/29/2011 2:45:33,0.324542
1/29/2011 2:46:33,0.325851
1/29/2011 2:47:33,0.324895
1/29/2011 2:48:33,0.326415
1/29/2011 2:49:33,0.328389
1/29/2011 2:50:33,0.324769
1/29/2011 2:51:33,0.327194
1/29/2011 2:52:33,0.326734
1/29/2011 2:53:33,0.325912
1/29/2011 2:54:33,0.324148
1/29/2011 2:55:33,0.324257
1/29/2011 2:56:33,0.320778
1/29/2011 2:57:33,0.322328
1/29/2011 2:58:33,0.321579
1/29/2011 2:59:33,0.321675
1/29/2011 3:0:33,0.318551
1/29/2011 3:1:33,0.318249
1/29/2011 3:2:33,0.324193
1/29/2011 3:3:33,0.326115
1/29/2011 3:4:33,0.325055
1/29/2011 3:5:33,0.320203
1/29/2011 3:6:33,0.3275
1/29/2011 3:7:33,0.325712
1/29/2011 3:8:33,0.32742699999999997
1/29/2011 3:9:33,0.327357
1/29/2011 3:10:33,0.325813
1/29/2011 3:11:33,0.325562
1/29/2011 3:12:33,0.325258
1/29/2011 3:13:33,0.32659900000000003
1/29/2011 3:14:33,0.32609400000000005
1/29/2011 3:15:33,0.326245
1/29/2011 3:16:33,0.326945
1/29/2011 3:17:33,0.324587
1/29/2011 3:18:33,0.323403
1/29/2011 3:19:33,0.324399
1/29/2011 3:20:33,0.324601
1/29/2011 3:21:33,0.326053
1/29/2011 3:22:33,0.319883
1/29/2011 3:23:33,0.319526
1/29/2011 3:24:33,0.325209
1/29/2011 3:25:33,0.325928
1/29/2011 3:26:33,0.32384999999999997
1/29/2011 3:27:33,0.326527
1/29/2011 3:28:33,0.326137
1/29/2011 3:29:33,0.326384
1/29/2011 3:30:33,0.32543
1/29/2011 3:31:33,0.326381
1/29/2011 3:32:33,0.326295
1/29/2011 3:33:33,0.321828
1/29/2011 3:34:33,0.320597
1/29/2011 3:35:33,0.31936
1/29/2011 3:36:33,0.32059200000000004
1/29/2011 3:37:33,0.321948
1/29/2011 3:38:33,0.32488
1/29/2011 3:39:33,0.325604
1/29/2011 3:40:33,0.32352800000000004
1/29/2011 3:41:33,0.324132
1/29/2011 3:42:33,0.326499
1/29/2011 3:43:33,0.32671300000000003
1/29/2011 3:44:33,0.323733
1/29/2011 3:45:33,0.3208
1/29/2011 3:46:33,0.319585
1/29/2011 3:47:33,0.319773
1/29/2011 3:48:33,0.320139
1/29/2011 3:49:33,0.319916
1/29/2011 3:50:33,0.323179
1/29/2011 3:51:33,0.32612800000000003
1/29/2011 3:52:33,0.325696
1/29/2011 3:53:33,0.326177
1/29/2011 3:54:33,0.327442
1/29/2011 3:55:33,0.323227
1/29/2011 3:56:33,0.320679
1/29/2011 3:57:33,0.318791
1/29/2011 3:58:33,0.31960099999999997
1/29/2011 3:59:33,0.321521
1/29/2011 4:0:33,0.323149
1/29/2011 4:1:33,0.321682
1/29/2011 4:2:33,0.325846
1/29/2011 4:3:33,0.326837
1/29/2011 4:4:33,0.326228
1/29/2011 4:5:33,0.325311
1/29/2011 4:6:33,0.323779
1/29/2011 4:7:33,0.32461399999999996
1/29/2011 4:8:33,0.325269
1/29/2011 4:9:33,0.32034
1/29/2011 4:10:33,0.319692
1/29/2011 4:11:33,0.318703
1/29/2011 4:12:33,0.32332900000000003
1/29/2011 4:13:33,0.323718
1/29/2011 4:14:33,0.324225
1/29/2011 4:15:33,0.32603299999999996
1/29/2011 4:16:33,0.32260099999999997
1/29/2011 4:17:33,0.32417999999999997
1/29/2011 4:18:33,0.325873
1/29/2011 4:19:33,0.32425200000000004
1/29/2011 4:20:33,0.32360700000000003
1/29/2011 4:21:33,0.325314
1/29/2011 4:22:33,0.323822
1/29/2011 4:23:33,0.323956
1/29/2011 4:24:33,0.32412100000000005
1/29/2011 4:25:33,0.325567
1/29/2011 4:26:33,0.322432
1/29/2011 4:27:33,0.32493099999999997
1/29/2011 4:28:33,0.32427
1/29/2011 4:29:33,0.319676
1/29/2011 4:30:33,0.319821
1/29/2011 4:31:33,0.321802
1/29/2011 4:32:33,0.32334399999999996
1/29/2011 4:33:33,0.32617799999999997
1/29/2011 4:34:33,0.318683
1/29/2011 4:35:33,0.31798299999999996
1/29/2011 4:36:33,0.321018
1/29/2011 4:37:33,0.31906799999999996
1/29/2011 4:38:33,0.31978300000000004
1/29/2011 4:39:33,0.317611
1/29/2011 4:40:33,0.31866
1/29/2011 4:41:33,0.323415
1/29/2011 4:42:33,0.317961
1/29/2011 4:43:33,0.324143
1/29/2011 4:44:33,0.323256
1/29/2011 4:45:33,0.320393
1/29/2011 4:46:33,0.319278
1/29/2011 4:47:33,0.316983
1/29/2011 4:48:33,0.321247
1/29/2011 4:49:33,0.321376
1/29/2011 4:50:33,0.323103
1/29/2011 4:51:33,0.321807
1/29/2011 4:52:33,0.320919
1/29/2011 4:53:33,0.32342200000000004
1/29/2011 4:54:33,0.321969
1/29/2011 4:55:33,0.32455500000000004
1/29/2011 4:56:33,0.32257199999999997
1/29/2011 4:57:33,0.319293
1/29/2011 4:58:33,0.322538
1/29/2011 4:59:33,0.318229
1/29/2011 5:0:33,0.319625
1/29/2011 5:1:33,0.32198699999999997
1/29/2011 5:2:33,0.32380499999999995
1/29/2011 5:3:33,0.325621
1/29/2011 5:4:33,0.321889
1/29/2011 5:5:33,0.32481
1/29/2011 5:6:33,0.32684199999999997
1/29/2011 5:7:33,0.325218
1/29/2011 5:8:33,0.322729
1/29/2011 5:9:33,0.32385200000000003
1/29/2011 5:10:33,0.322175
1/29/2011 5:11:33,0.320563
1/29/2011 5:12:33,0.32628
1/29/2011 5:13:33,0.321836
1/29/2011 5:14:33,0.32368199999999997
1/29/2011 5:15:33,0.32168399999999997
1/29/2011 5:16:33,0.319498
1/29/2011 5:17:33,0.31893
1/29/2011 5:18:33,0.320423
1/29/2011 5:19:33,0.319694
1/29/2011 5:20:33,0.320729
1/29/2011 5:21:33,0.322968
1/29/2011 5:22:33,0.319851
1/29/2011 5:23:33,0.32191000000000003
1/29/2011 5:24:33,0.321271
1/29/2011 5:25:33,0.325198
1/29/2011 5:26:33,0.325354
1/29/2011 5:27:33,0.32517599999999997
1/29/2011 5:28:33,0.32516700000000004
1/29/2011 5:29:33,0.323665
1/29/2011 5:30:33,0.319407
1/29/2011 5:31:33,0.319415
1/29/2011 5:32:33,0.319167
1/29/2011 5:33:33,0.31922100000000003
1/29/2011 5:34:33,0.320893
1/29/2011 5:35:33,0.319128
1/29/2011 5:36:33,0.32478
1/29/2011 5:37:33,0.324116
1/29/2011 5:38:33,0.321932
1/29/2011 5:39:33,0.325053
1/29/2011 5:40:33,0.325671
1/29/2011 5:41:33,0.323252
1/29/2011 5:42:33,0.32510599999999995
1/29/2011 5:43:33,0.323173
1/29/2011 5:44:33,0.324876
1/29/2011 5:45:33,0.325645
1/29/2011 5:46:33,0.326863
1/29/2011 5:47:33,0.323542
1/29/2011 5:48:33,0.323539
1/29/2011 5:49:33,0.32066700000000004
1/29/2011 5:50:33,0.324194
1/29/2011 5:51:33,0.320819
1/29/2011 5:52:33,0.320172
1/29/2011 5:53:33,0.323942
1/29/2011 5:54:33,0.327419
1/29/2011 5:55:33,0.32501399999999997
1/29/2011 5:56:33,0.327879
1/29/2011 5:57:33,0.327472
1/29/2011 5:58:33,0.32149099999999997
1/29/2011 5:59:33,0.320647
1/29/2011 6:0:33,0.322379
1/29/2011 6:1:33,0.328024
1/29/2011 6:2:33,0.327744
1/29/2011 6:3:33,0.32553699999999997
1/29/2011 6:4:33,0.32056
1/29/2011 6:5:33,0.325389
1/29/2011 6:6:33,0.327166
1/29/2011 6:7:33,0.326047
1/29/2011 6:8:33,0.32867999999999997
1/29/2011 6:9:33,0.325338
1/29/2011 6:10:33,0.325578
1/29/2011 6:11:33,0.34582900000000005
1/29/2011 6:12:33,0.32262700000000005
1/29/2011 6:13:33,0.322011
1/29/2011 6:14:33,0.321301
1/29/2011 6:15:33,0.324366
1/29/2011 6:16:33,0.32168399999999997
1/29/2011 6:17:33,0.326997
1/29/2011 6:18:33,0.324828
1/29/2011 6:19:33,0.32725099999999996
1/29/2011 6:20:33,0.32813
1/29/2011 6:21:33,0.322172
1/29/2011 6:22:33,0.323829
1/29/2011 6:23:33,0.326852
1/29/2011 6:24:33,0.32696800000000004
1/29/2011 6:25:33,0.327428
1/29/2011 6:26:33,0.322131
1/29/2011 6:27:33,0.320854
1/29/2011 6:28:33,0.323536
1/29/2011 6:29:33,0.322094
1/29/2011 6:30:33,0.320617
1/29/2011 6:31:33,0.322739
1/29/2011 6:32:33,0.322781
1/29/2011 6:33:33,0.320487
1/29/2011 6:34:33,0.32670099999999996
1/29/2011 6:35:33,0.32815900000000003
1/29/2011 6:36:33,0.326809
1/29/2011 6:37:33,0.324939
1/29/2011 6:38:33,0.320794
1/29/2011 6:39:33,0.366514
1/29/2011 6:40:33,0.32709
1/29/2011 6:41:33,0.325583
1/29/2011 6:42:33,0.32246800000000003
1/29/2011 6:43:33,0.32699500000000004
1/29/2011 6:44:33,0.32665
1/29/2011 6:45:33,0.326575
1/29/2011 6:46:33,0.329057
1/29/2011 6:47:33,0.32049
1/29/2011 6:48:33,0.321058
1/29/2011 6:49:33,0.32315099999999997
1/29/2011 6:50:33,0.327583
1/29/2011 6:51:33,0.326541
1/29/2011 6:52:33,0.325851
1/29/2011 6:53:33,0.331659
1/29/2011 6:54:33,0.32941
1/29/2011 6:55:33,0.32591400000000004
1/29/2011 6:56:33,0.323734
1/29/2011 6:57:33,0.327679
1/29/2011 6:58:33,0.326915
1/29/2011 6:59:33,0.32654299999999997
1/29/2011 7:0:33,0.326023
1/29/2011 7:1:33,0.326523
1/29/2011 7:2:33,0.326944
1/29/2011 7:3:33,0.324622
1/29/2011 7:4:33,0.32021000000000005
1/29/2011 7:5:33,0.32637299999999997
1/29/2011 7:6:33,0.32898299999999997
1/29/2011 7:7:33,0.32465700000000003
1/29/2011 7:8:33,0.327532
1/29/2011 7:9:33,0.32672700000000005
1/29/2011 7:10:33,0.326274
1/29/2011 7:11:33,0.322243
1/29/2011 7:12:33,0.323311
1/29/2011 7:13:33,0.323004
1/29/2011 7:14:33,0.320837
1/29/2011 7:15:33,0.319936
1/29/2011 7:16:33,0.320577
1/29/2011 7:17:33,0.320774
1/29/2011 7:18:33,0.32600100000000004
1/29/2011 7:19:33,0.327693
1/29/2011 7:20:33,0.325021
1/29/2011 7:21:33,0.323704
1/29/2011 7:22:33,0.32716
1/29/2011 7:23:33,0.323801
1/29/2011 7:24:33,0.319131
1/29/2011 7:25:33,0.323813
1/29/2011 7:26:33,0.325874
1/29/2011 7:27:33,0.32281600000000005
1/29/2011 7:28:33,0.321447
1/29/2011 7:29:33,0.321902
1/29/2011 7:30:33,0.326081
1/29/2011 7:31:33,0.323763
1/29/2011 7:32:33,0.320426
1/29/2011 7:33:33,0.324857
1/29/2011 7:34:33,0.32173500000000005
1/29/2011 7:35:33,0.321796
1/29/2011 7:36:33,0.326947
1/29/2011 7:37:33,0.323476
1/29/2011 7:38:33,0.32558400000000004
1/29/2011 7:39:33,0.324445
1/29/2011 7:40:33,0.324113
1/29/2011 7:41:33,0.322046
1/29/2011 7:42:33,0.317625
1/29/2011 7:43:33,0.32534
1/29/2011 7:44:33,0.32277100000000003
1/29/2011 7:45:33,0.322649
1/29/2011 7:46:33,0.321293
1/29/2011 7:47:33,0.320491
1/29/2011 7:48:33,0.318024
1/29/2011 7:49:33,0.319467
1/29/2011 7:50:33,0.32214
1/29/2011 7:51:33,0.32486800000000005
1/29/2011 7:52:33,0.325024
1/29/2011 7:53:33,0.324001
1/29/2011 7:54:33,0.325858
1/29/2011 7:55:33,0.32110500000000003
1/29/2011 7:56:33,0.322625
1/29/2011 7:57:33,0.32069800000000004
1/29/2011 7:58:33,0.320195
1/29/2011 7:59:33,0.326353